ROI,X_position,Y_position,gene,gene_value,type,full_gene_name,channel
025247T1 | 033 | Full ROI,16641,12730,myofib,0.878489007,Vessels,myofibroblast,
025247T1 | 033 | Full ROI,16641,12730,ccyte,0,Vessels,Colonocyte,
025247T1 | 033 | Full ROI,16641,12730,TA,0,Vessels,TA,
025247T1 | 033 | Full ROI,16641,12730,BEST2+Gob,0,Vessels,BEST2+.Goblet.cell,
025247T1 | 033 | Full ROI,16641,12730,plasma.A,0,Vessels,IgA.plasma.cell,
025247T1 | 033 | Full ROI,16641,12730,macs,0.010634165,Vessels,Macrophages,
025247T1 | 033 | Full ROI,16641,12730,Tuft,0,Vessels,Tuft,
025247T1 | 033 | Full ROI,16641,12730,art.EC,0,Vessels,Mature.arterial.EC,
025247T1 | 033 | Full ROI,16641,12730,Glia,0,Vessels,Adult.Glia,
025247T1 | 033 | Full ROI,16641,12730,Mem.B,0,Vessels,Memory.B,
025247T1 | 033 | Full ROI,16641,12730,SELL+CD4,0,Vessels,SELL+.CD4.T,
025247T1 | 033 | Full ROI,16641,12730,FCRL4+B,0,Vessels,FCRL4+.Memory.B,
025247T1 | 033 | Full ROI,16641,12730,FDC,0,Vessels,FDC,
025247T1 | 033 | Full ROI,16641,12730,Imm.B,0,Vessels,Immature.B,
025247T1 | 033 | Full ROI,16641,12730,Ven.EC,0,Vessels,Mature.venous.EC,
025247T1 | 033 | Full ROI,16641,12730,ICC,0,Vessels,ICC,
025247T1 | 033 | Full ROI,16641,12730,T.ret,0,Vessels,T.reticular,
025247T1 | 033 | Full ROI,16641,12730,LYVE1+Mac,0,Vessels,LYVE1+.Macrophage,
025247T1 | 033 | Full ROI,16641,12730,Cycl.B,0,Vessels,Cycling.B.cell,
025247T1 | 033 | Full ROI,16641,12730,SELL+CD8,0,Vessels,SELL+.CD8.T,
025247T1 | 033 | Full ROI,16641,12730,cDC1,0.110876828,Vessels,cDC1,
025247T1 | 033 | Full ROI,16641,12730,BEST4+ep,0,Vessels,BEST4+.epithelial,
025247T1 | 033 | Full ROI,16641,12730,Paneth,0,Vessels,Paneth,
025247T1 | 033 | Full ROI,16641,12730,EECs,0,Vessels,EECs,
025247T1 | 015 | Full ROI,19412.27344,15409.05176,myofib,0.563939444,Circular muscle layer,myofibroblast,
025247T1 | 015 | Full ROI,19412.27344,15409.05176,ccyte,0,Circular muscle layer,Colonocyte,
025247T1 | 015 | Full ROI,19412.27344,15409.05176,TA,0,Circular muscle layer,TA,
025247T1 | 015 | Full ROI,19412.27344,15409.05176,BEST2+Gob,0,Circular muscle layer,BEST2+.Goblet.cell,
025247T1 | 015 | Full ROI,19412.27344,15409.05176,plasma.A,0,Circular muscle layer,IgA.plasma.cell,
025247T1 | 015 | Full ROI,19412.27344,15409.05176,macs,0.046115259,Circular muscle layer,Macrophages,
025247T1 | 015 | Full ROI,19412.27344,15409.05176,Tuft,0.094573069,Circular muscle layer,Tuft,
025247T1 | 015 | Full ROI,19412.27344,15409.05176,art.EC,0.054565625,Circular muscle layer,Mature.arterial.EC,
025247T1 | 015 | Full ROI,19412.27344,15409.05176,Glia,0.056493539,Circular muscle layer,Adult.Glia,
025247T1 | 015 | Full ROI,19412.27344,15409.05176,Mem.B,0,Circular muscle layer,Memory.B,
025247T1 | 015 | Full ROI,19412.27344,15409.05176,SELL+CD4,0,Circular muscle layer,SELL+.CD4.T,
025247T1 | 015 | Full ROI,19412.27344,15409.05176,FCRL4+B,0,Circular muscle layer,FCRL4+.Memory.B,
025247T1 | 015 | Full ROI,19412.27344,15409.05176,FDC,0,Circular muscle layer,FDC,
025247T1 | 015 | Full ROI,19412.27344,15409.05176,Imm.B,0,Circular muscle layer,Immature.B,
025247T1 | 015 | Full ROI,19412.27344,15409.05176,Ven.EC,0.057505043,Circular muscle layer,Mature.venous.EC,
025247T1 | 015 | Full ROI,19412.27344,15409.05176,ICC,0.081431661,Circular muscle layer,ICC,
025247T1 | 015 | Full ROI,19412.27344,15409.05176,T.ret,0,Circular muscle layer,T.reticular,
025247T1 | 015 | Full ROI,19412.27344,15409.05176,LYVE1+Mac,0.004138546,Circular muscle layer,LYVE1+.Macrophage,
025247T1 | 015 | Full ROI,19412.27344,15409.05176,Cycl.B,0,Circular muscle layer,Cycling.B.cell,
025247T1 | 015 | Full ROI,19412.27344,15409.05176,SELL+CD8,0,Circular muscle layer,SELL+.CD8.T,
025247T1 | 015 | Full ROI,19412.27344,15409.05176,cDC1,0,Circular muscle layer,cDC1,
025247T1 | 015 | Full ROI,19412.27344,15409.05176,BEST4+ep,0,Circular muscle layer,BEST4+.epithelial,
025247T1 | 015 | Full ROI,19412.27344,15409.05176,Paneth,0,Circular muscle layer,Paneth,
025247T1 | 015 | Full ROI,19412.27344,15409.05176,EECs,0.002465429,Circular muscle layer,EECs,
025247T1 | 016 | Full ROI,22720.85938,13868.95117,myofib,0.594741033,Circular muscle layer,myofibroblast,
025247T1 | 016 | Full ROI,22720.85938,13868.95117,ccyte,0,Circular muscle layer,Colonocyte,
025247T1 | 016 | Full ROI,22720.85938,13868.95117,TA,0,Circular muscle layer,TA,
025247T1 | 016 | Full ROI,22720.85938,13868.95117,BEST2+Gob,0,Circular muscle layer,BEST2+.Goblet.cell,
025247T1 | 016 | Full ROI,22720.85938,13868.95117,plasma.A,0,Circular muscle layer,IgA.plasma.cell,
025247T1 | 016 | Full ROI,22720.85938,13868.95117,macs,0.051180687,Circular muscle layer,Macrophages,
025247T1 | 016 | Full ROI,22720.85938,13868.95117,Tuft,0.054345668,Circular muscle layer,Tuft,
025247T1 | 016 | Full ROI,22720.85938,13868.95117,art.EC,0.052155204,Circular muscle layer,Mature.arterial.EC,
025247T1 | 016 | Full ROI,22720.85938,13868.95117,Glia,0.067663298,Circular muscle layer,Adult.Glia,
025247T1 | 016 | Full ROI,22720.85938,13868.95117,Mem.B,0,Circular muscle layer,Memory.B,
025247T1 | 016 | Full ROI,22720.85938,13868.95117,SELL+CD4,0,Circular muscle layer,SELL+.CD4.T,
025247T1 | 016 | Full ROI,22720.85938,13868.95117,FCRL4+B,0,Circular muscle layer,FCRL4+.Memory.B,
025247T1 | 016 | Full ROI,22720.85938,13868.95117,FDC,0.000255972,Circular muscle layer,FDC,
025247T1 | 016 | Full ROI,22720.85938,13868.95117,Imm.B,0,Circular muscle layer,Immature.B,
025247T1 | 016 | Full ROI,22720.85938,13868.95117,Ven.EC,0.042653657,Circular muscle layer,Mature.venous.EC,
025247T1 | 016 | Full ROI,22720.85938,13868.95117,ICC,0.072686375,Circular muscle layer,ICC,
025247T1 | 016 | Full ROI,22720.85938,13868.95117,T.ret,0,Circular muscle layer,T.reticular,
025247T1 | 016 | Full ROI,22720.85938,13868.95117,LYVE1+Mac,0.010226798,Circular muscle layer,LYVE1+.Macrophage,
025247T1 | 016 | Full ROI,22720.85938,13868.95117,Cycl.B,0,Circular muscle layer,Cycling.B.cell,
025247T1 | 016 | Full ROI,22720.85938,13868.95117,SELL+CD8,0,Circular muscle layer,SELL+.CD8.T,
025247T1 | 016 | Full ROI,22720.85938,13868.95117,cDC1,0,Circular muscle layer,cDC1,
025247T1 | 016 | Full ROI,22720.85938,13868.95117,BEST4+ep,0,Circular muscle layer,BEST4+.epithelial,
025247T1 | 016 | Full ROI,22720.85938,13868.95117,Paneth,0,Circular muscle layer,Paneth,
025247T1 | 016 | Full ROI,22720.85938,13868.95117,EECs,0,Circular muscle layer,EECs,
025247T1 | 013 | Full ROI,11502.19727,18076.13477,myofib,0.646173739,Circular muscle layer,myofibroblast,
025247T1 | 013 | Full ROI,11502.19727,18076.13477,ccyte,0,Circular muscle layer,Colonocyte,
025247T1 | 013 | Full ROI,11502.19727,18076.13477,TA,0,Circular muscle layer,TA,
025247T1 | 013 | Full ROI,11502.19727,18076.13477,BEST2+Gob,0,Circular muscle layer,BEST2+.Goblet.cell,
025247T1 | 013 | Full ROI,11502.19727,18076.13477,plasma.A,0,Circular muscle layer,IgA.plasma.cell,
025247T1 | 013 | Full ROI,11502.19727,18076.13477,macs,0.039955057,Circular muscle layer,Macrophages,
025247T1 | 013 | Full ROI,11502.19727,18076.13477,Tuft,0.039424117,Circular muscle layer,Tuft,
025247T1 | 013 | Full ROI,11502.19727,18076.13477,art.EC,0.069008835,Circular muscle layer,Mature.arterial.EC,
025247T1 | 013 | Full ROI,11502.19727,18076.13477,Glia,0.059423308,Circular muscle layer,Adult.Glia,
025247T1 | 013 | Full ROI,11502.19727,18076.13477,Mem.B,0,Circular muscle layer,Memory.B,
025247T1 | 013 | Full ROI,11502.19727,18076.13477,SELL+CD4,0,Circular muscle layer,SELL+.CD4.T,
025247T1 | 013 | Full ROI,11502.19727,18076.13477,FCRL4+B,0,Circular muscle layer,FCRL4+.Memory.B,
025247T1 | 013 | Full ROI,11502.19727,18076.13477,FDC,0,Circular muscle layer,FDC,
025247T1 | 013 | Full ROI,11502.19727,18076.13477,Imm.B,0,Circular muscle layer,Immature.B,
025247T1 | 013 | Full ROI,11502.19727,18076.13477,Ven.EC,0.031004832,Circular muscle layer,Mature.venous.EC,
025247T1 | 013 | Full ROI,11502.19727,18076.13477,ICC,0.089575267,Circular muscle layer,ICC,
025247T1 | 013 | Full ROI,11502.19727,18076.13477,T.ret,0,Circular muscle layer,T.reticular,
025247T1 | 013 | Full ROI,11502.19727,18076.13477,LYVE1+Mac,0,Circular muscle layer,LYVE1+.Macrophage,
025247T1 | 013 | Full ROI,11502.19727,18076.13477,Cycl.B,0,Circular muscle layer,Cycling.B.cell,
025247T1 | 013 | Full ROI,11502.19727,18076.13477,SELL+CD8,0,Circular muscle layer,SELL+.CD8.T,
025247T1 | 013 | Full ROI,11502.19727,18076.13477,cDC1,0,Circular muscle layer,cDC1,
025247T1 | 013 | Full ROI,11502.19727,18076.13477,BEST4+ep,0,Circular muscle layer,BEST4+.epithelial,
025247T1 | 013 | Full ROI,11502.19727,18076.13477,Paneth,0,Circular muscle layer,Paneth,
025247T1 | 013 | Full ROI,11502.19727,18076.13477,EECs,0,Circular muscle layer,EECs,
025247T1 | 014 | Full ROI,15774.07324,16399.0957,myofib,0.633757138,Circular muscle layer,myofibroblast,
025247T1 | 014 | Full ROI,15774.07324,16399.0957,ccyte,0,Circular muscle layer,Colonocyte,
025247T1 | 014 | Full ROI,15774.07324,16399.0957,TA,0,Circular muscle layer,TA,
025247T1 | 014 | Full ROI,15774.07324,16399.0957,BEST2+Gob,0,Circular muscle layer,BEST2+.Goblet.cell,
025247T1 | 014 | Full ROI,15774.07324,16399.0957,plasma.A,0,Circular muscle layer,IgA.plasma.cell,
025247T1 | 014 | Full ROI,15774.07324,16399.0957,macs,0.042701509,Circular muscle layer,Macrophages,
025247T1 | 014 | Full ROI,15774.07324,16399.0957,Tuft,0.049585299,Circular muscle layer,Tuft,
025247T1 | 014 | Full ROI,15774.07324,16399.0957,art.EC,0.038289751,Circular muscle layer,Mature.arterial.EC,
025247T1 | 014 | Full ROI,15774.07324,16399.0957,Glia,0.068713872,Circular muscle layer,Adult.Glia,
025247T1 | 014 | Full ROI,15774.07324,16399.0957,Mem.B,0,Circular muscle layer,Memory.B,
025247T1 | 014 | Full ROI,15774.07324,16399.0957,SELL+CD4,0,Circular muscle layer,SELL+.CD4.T,
025247T1 | 014 | Full ROI,15774.07324,16399.0957,FCRL4+B,0,Circular muscle layer,FCRL4+.Memory.B,
025247T1 | 014 | Full ROI,15774.07324,16399.0957,FDC,0,Circular muscle layer,FDC,
025247T1 | 014 | Full ROI,15774.07324,16399.0957,Imm.B,0,Circular muscle layer,Immature.B,
025247T1 | 014 | Full ROI,15774.07324,16399.0957,Ven.EC,0.039427629,Circular muscle layer,Mature.venous.EC,
025247T1 | 014 | Full ROI,15774.07324,16399.0957,ICC,0.08664819,Circular muscle layer,ICC,
025247T1 | 014 | Full ROI,15774.07324,16399.0957,T.ret,0,Circular muscle layer,T.reticular,
025247T1 | 014 | Full ROI,15774.07324,16399.0957,LYVE1+Mac,0,Circular muscle layer,LYVE1+.Macrophage,
025247T1 | 014 | Full ROI,15774.07324,16399.0957,Cycl.B,0,Circular muscle layer,Cycling.B.cell,
025247T1 | 014 | Full ROI,15774.07324,16399.0957,SELL+CD8,0,Circular muscle layer,SELL+.CD8.T,
025247T1 | 014 | Full ROI,15774.07324,16399.0957,cDC1,0,Circular muscle layer,cDC1,
025247T1 | 014 | Full ROI,15774.07324,16399.0957,BEST4+ep,0,Circular muscle layer,BEST4+.epithelial,
025247T1 | 014 | Full ROI,15774.07324,16399.0957,Paneth,0,Circular muscle layer,Paneth,
025247T1 | 014 | Full ROI,15774.07324,16399.0957,EECs,0.000727355,Circular muscle layer,EECs,
025247T1 | 017 | Full ROI,12134.82617,19386.2793,myofib,0.664201723,Longitudinal muscle layer,myofibroblast,
025247T1 | 017 | Full ROI,12134.82617,19386.2793,ccyte,0,Longitudinal muscle layer,Colonocyte,
025247T1 | 017 | Full ROI,12134.82617,19386.2793,TA,0,Longitudinal muscle layer,TA,
025247T1 | 017 | Full ROI,12134.82617,19386.2793,BEST2+Gob,0,Longitudinal muscle layer,BEST2+.Goblet.cell,
025247T1 | 017 | Full ROI,12134.82617,19386.2793,plasma.A,0,Longitudinal muscle layer,IgA.plasma.cell,
025247T1 | 017 | Full ROI,12134.82617,19386.2793,macs,0.033789492,Longitudinal muscle layer,Macrophages,
025247T1 | 017 | Full ROI,12134.82617,19386.2793,Tuft,0.034961702,Longitudinal muscle layer,Tuft,
025247T1 | 017 | Full ROI,12134.82617,19386.2793,art.EC,0.042470611,Longitudinal muscle layer,Mature.arterial.EC,
025247T1 | 017 | Full ROI,12134.82617,19386.2793,Glia,0.031845159,Longitudinal muscle layer,Adult.Glia,
025247T1 | 017 | Full ROI,12134.82617,19386.2793,Mem.B,0,Longitudinal muscle layer,Memory.B,
025247T1 | 017 | Full ROI,12134.82617,19386.2793,SELL+CD4,0,Longitudinal muscle layer,SELL+.CD4.T,
025247T1 | 017 | Full ROI,12134.82617,19386.2793,FCRL4+B,0,Longitudinal muscle layer,FCRL4+.Memory.B,
025247T1 | 017 | Full ROI,12134.82617,19386.2793,FDC,0.000549625,Longitudinal muscle layer,FDC,
025247T1 | 017 | Full ROI,12134.82617,19386.2793,Imm.B,0,Longitudinal muscle layer,Immature.B,
025247T1 | 017 | Full ROI,12134.82617,19386.2793,Ven.EC,0.041413465,Longitudinal muscle layer,Mature.venous.EC,
025247T1 | 017 | Full ROI,12134.82617,19386.2793,ICC,0.12422125,Longitudinal muscle layer,ICC,
025247T1 | 017 | Full ROI,12134.82617,19386.2793,T.ret,0,Longitudinal muscle layer,T.reticular,
025247T1 | 017 | Full ROI,12134.82617,19386.2793,LYVE1+Mac,0.004018064,Longitudinal muscle layer,LYVE1+.Macrophage,
025247T1 | 017 | Full ROI,12134.82617,19386.2793,Cycl.B,0,Longitudinal muscle layer,Cycling.B.cell,
025247T1 | 017 | Full ROI,12134.82617,19386.2793,SELL+CD8,0,Longitudinal muscle layer,SELL+.CD8.T,
025247T1 | 017 | Full ROI,12134.82617,19386.2793,cDC1,0,Longitudinal muscle layer,cDC1,
025247T1 | 017 | Full ROI,12134.82617,19386.2793,BEST4+ep,0,Longitudinal muscle layer,BEST4+.epithelial,
025247T1 | 017 | Full ROI,12134.82617,19386.2793,Paneth,0,Longitudinal muscle layer,Paneth,
025247T1 | 017 | Full ROI,12134.82617,19386.2793,EECs,0,Longitudinal muscle layer,EECs,
025247T1 | 020 | Full ROI,25031.59961,15176.76953,myofib,0.651932283,Longitudinal muscle layer,myofibroblast,
025247T1 | 020 | Full ROI,25031.59961,15176.76953,ccyte,0,Longitudinal muscle layer,Colonocyte,
025247T1 | 020 | Full ROI,25031.59961,15176.76953,TA,0,Longitudinal muscle layer,TA,
025247T1 | 020 | Full ROI,25031.59961,15176.76953,BEST2+Gob,0,Longitudinal muscle layer,BEST2+.Goblet.cell,
025247T1 | 020 | Full ROI,25031.59961,15176.76953,plasma.A,0,Longitudinal muscle layer,IgA.plasma.cell,
025247T1 | 020 | Full ROI,25031.59961,15176.76953,macs,0.02289888,Longitudinal muscle layer,Macrophages,
025247T1 | 020 | Full ROI,25031.59961,15176.76953,Tuft,0.030520899,Longitudinal muscle layer,Tuft,
025247T1 | 020 | Full ROI,25031.59961,15176.76953,art.EC,0.050416834,Longitudinal muscle layer,Mature.arterial.EC,
025247T1 | 020 | Full ROI,25031.59961,15176.76953,Glia,0.033280729,Longitudinal muscle layer,Adult.Glia,
025247T1 | 020 | Full ROI,25031.59961,15176.76953,Mem.B,0,Longitudinal muscle layer,Memory.B,
025247T1 | 020 | Full ROI,25031.59961,15176.76953,SELL+CD4,0,Longitudinal muscle layer,SELL+.CD4.T,
025247T1 | 020 | Full ROI,25031.59961,15176.76953,FCRL4+B,0,Longitudinal muscle layer,FCRL4+.Memory.B,
025247T1 | 020 | Full ROI,25031.59961,15176.76953,FDC,0,Longitudinal muscle layer,FDC,
025247T1 | 020 | Full ROI,25031.59961,15176.76953,Imm.B,0,Longitudinal muscle layer,Immature.B,
025247T1 | 020 | Full ROI,25031.59961,15176.76953,Ven.EC,0.059237456,Longitudinal muscle layer,Mature.venous.EC,
025247T1 | 020 | Full ROI,25031.59961,15176.76953,ICC,0.118856446,Longitudinal muscle layer,ICC,
025247T1 | 020 | Full ROI,25031.59961,15176.76953,T.ret,0,Longitudinal muscle layer,T.reticular,
025247T1 | 020 | Full ROI,25031.59961,15176.76953,LYVE1+Mac,0.008854161,Longitudinal muscle layer,LYVE1+.Macrophage,
025247T1 | 020 | Full ROI,25031.59961,15176.76953,Cycl.B,0,Longitudinal muscle layer,Cycling.B.cell,
025247T1 | 020 | Full ROI,25031.59961,15176.76953,SELL+CD8,0,Longitudinal muscle layer,SELL+.CD8.T,
025247T1 | 020 | Full ROI,25031.59961,15176.76953,cDC1,0,Longitudinal muscle layer,cDC1,
025247T1 | 020 | Full ROI,25031.59961,15176.76953,BEST4+ep,0,Longitudinal muscle layer,BEST4+.epithelial,
025247T1 | 020 | Full ROI,25031.59961,15176.76953,Paneth,0,Longitudinal muscle layer,Paneth,
025247T1 | 020 | Full ROI,25031.59961,15176.76953,EECs,0,Longitudinal muscle layer,EECs,
025247T1 | 018 | Full ROI,18818.26953,16972.75781,myofib,0.66097847,Longitudinal muscle layer,myofibroblast,
025247T1 | 018 | Full ROI,18818.26953,16972.75781,ccyte,0,Longitudinal muscle layer,Colonocyte,
025247T1 | 018 | Full ROI,18818.26953,16972.75781,TA,0,Longitudinal muscle layer,TA,
025247T1 | 018 | Full ROI,18818.26953,16972.75781,BEST2+Gob,0,Longitudinal muscle layer,BEST2+.Goblet.cell,
025247T1 | 018 | Full ROI,18818.26953,16972.75781,plasma.A,0,Longitudinal muscle layer,IgA.plasma.cell,
025247T1 | 018 | Full ROI,18818.26953,16972.75781,macs,0.034747582,Longitudinal muscle layer,Macrophages,
025247T1 | 018 | Full ROI,18818.26953,16972.75781,Tuft,0.029895586,Longitudinal muscle layer,Tuft,
025247T1 | 018 | Full ROI,18818.26953,16972.75781,art.EC,0.059265698,Longitudinal muscle layer,Mature.arterial.EC,
025247T1 | 018 | Full ROI,18818.26953,16972.75781,Glia,0.046294312,Longitudinal muscle layer,Adult.Glia,
025247T1 | 018 | Full ROI,18818.26953,16972.75781,Mem.B,0,Longitudinal muscle layer,Memory.B,
025247T1 | 018 | Full ROI,18818.26953,16972.75781,SELL+CD4,0,Longitudinal muscle layer,SELL+.CD4.T,
025247T1 | 018 | Full ROI,18818.26953,16972.75781,FCRL4+B,0,Longitudinal muscle layer,FCRL4+.Memory.B,
025247T1 | 018 | Full ROI,18818.26953,16972.75781,FDC,0,Longitudinal muscle layer,FDC,
025247T1 | 018 | Full ROI,18818.26953,16972.75781,Imm.B,0,Longitudinal muscle layer,Immature.B,
025247T1 | 018 | Full ROI,18818.26953,16972.75781,Ven.EC,0.021687784,Longitudinal muscle layer,Mature.venous.EC,
025247T1 | 018 | Full ROI,18818.26953,16972.75781,ICC,0.118073474,Longitudinal muscle layer,ICC,
025247T1 | 018 | Full ROI,18818.26953,16972.75781,T.ret,0,Longitudinal muscle layer,T.reticular,
025247T1 | 018 | Full ROI,18818.26953,16972.75781,LYVE1+Mac,0.002004268,Longitudinal muscle layer,LYVE1+.Macrophage,
025247T1 | 018 | Full ROI,18818.26953,16972.75781,Cycl.B,0,Longitudinal muscle layer,Cycling.B.cell,
025247T1 | 018 | Full ROI,18818.26953,16972.75781,SELL+CD8,0,Longitudinal muscle layer,SELL+.CD8.T,
025247T1 | 018 | Full ROI,18818.26953,16972.75781,cDC1,0,Longitudinal muscle layer,cDC1,
025247T1 | 018 | Full ROI,18818.26953,16972.75781,BEST4+ep,0,Longitudinal muscle layer,BEST4+.epithelial,
025247T1 | 018 | Full ROI,18818.26953,16972.75781,Paneth,0,Longitudinal muscle layer,Paneth,
025247T1 | 018 | Full ROI,18818.26953,16972.75781,EECs,0,Longitudinal muscle layer,EECs,
025247T1 | 019 | Full ROI,22294.69727,15830.45703,myofib,0.663878079,Longitudinal muscle layer,myofibroblast,
025247T1 | 019 | Full ROI,22294.69727,15830.45703,ccyte,0,Longitudinal muscle layer,Colonocyte,
025247T1 | 019 | Full ROI,22294.69727,15830.45703,TA,0,Longitudinal muscle layer,TA,
025247T1 | 019 | Full ROI,22294.69727,15830.45703,BEST2+Gob,0,Longitudinal muscle layer,BEST2+.Goblet.cell,
025247T1 | 019 | Full ROI,22294.69727,15830.45703,plasma.A,0,Longitudinal muscle layer,IgA.plasma.cell,
025247T1 | 019 | Full ROI,22294.69727,15830.45703,macs,0.020465494,Longitudinal muscle layer,Macrophages,
025247T1 | 019 | Full ROI,22294.69727,15830.45703,Tuft,0.053487317,Longitudinal muscle layer,Tuft,
025247T1 | 019 | Full ROI,22294.69727,15830.45703,art.EC,0.05470486,Longitudinal muscle layer,Mature.arterial.EC,
025247T1 | 019 | Full ROI,22294.69727,15830.45703,Glia,0.034892429,Longitudinal muscle layer,Adult.Glia,
025247T1 | 019 | Full ROI,22294.69727,15830.45703,Mem.B,0,Longitudinal muscle layer,Memory.B,
025247T1 | 019 | Full ROI,22294.69727,15830.45703,SELL+CD4,0,Longitudinal muscle layer,SELL+.CD4.T,
025247T1 | 019 | Full ROI,22294.69727,15830.45703,FCRL4+B,0,Longitudinal muscle layer,FCRL4+.Memory.B,
025247T1 | 019 | Full ROI,22294.69727,15830.45703,FDC,0.000703425,Longitudinal muscle layer,FDC,
025247T1 | 019 | Full ROI,22294.69727,15830.45703,Imm.B,0,Longitudinal muscle layer,Immature.B,
025247T1 | 019 | Full ROI,22294.69727,15830.45703,Ven.EC,0.015488972,Longitudinal muscle layer,Mature.venous.EC,
025247T1 | 019 | Full ROI,22294.69727,15830.45703,ICC,0.134601989,Longitudinal muscle layer,ICC,
025247T1 | 019 | Full ROI,22294.69727,15830.45703,T.ret,0,Longitudinal muscle layer,T.reticular,
025247T1 | 019 | Full ROI,22294.69727,15830.45703,LYVE1+Mac,0,Longitudinal muscle layer,LYVE1+.Macrophage,
025247T1 | 019 | Full ROI,22294.69727,15830.45703,Cycl.B,0,Longitudinal muscle layer,Cycling.B.cell,
025247T1 | 019 | Full ROI,22294.69727,15830.45703,SELL+CD8,0,Longitudinal muscle layer,SELL+.CD8.T,
025247T1 | 019 | Full ROI,22294.69727,15830.45703,cDC1,0,Longitudinal muscle layer,cDC1,
025247T1 | 019 | Full ROI,22294.69727,15830.45703,BEST4+ep,0,Longitudinal muscle layer,BEST4+.epithelial,
025247T1 | 019 | Full ROI,22294.69727,15830.45703,Paneth,0,Longitudinal muscle layer,Paneth,
025247T1 | 019 | Full ROI,22294.69727,15830.45703,EECs,0,Longitudinal muscle layer,EECs,
025247T1 | 021 | Full ROI,22761,9619,myofib,0.594734396,Muscularis mucosae,myofibroblast,
025247T1 | 021 | Full ROI,22761,9619,ccyte,0.030928694,Muscularis mucosae,Colonocyte,
025247T1 | 021 | Full ROI,22761,9619,TA,0.057760698,Muscularis mucosae,TA,
025247T1 | 021 | Full ROI,22761,9619,BEST2+Gob,0.029483485,Muscularis mucosae,BEST2+.Goblet.cell,
025247T1 | 021 | Full ROI,22761,9619,plasma.A,0.056105544,Muscularis mucosae,IgA.plasma.cell,
025247T1 | 021 | Full ROI,22761,9619,macs,0.038108192,Muscularis mucosae,Macrophages,
025247T1 | 021 | Full ROI,22761,9619,Tuft,0.071199772,Muscularis mucosae,Tuft,
025247T1 | 021 | Full ROI,22761,9619,art.EC,0.041806487,Muscularis mucosae,Mature.arterial.EC,
025247T1 | 021 | Full ROI,22761,9619,Glia,0.020501105,Muscularis mucosae,Adult.Glia,
025247T1 | 021 | Full ROI,22761,9619,Mem.B,0,Muscularis mucosae,Memory.B,
025247T1 | 021 | Full ROI,22761,9619,SELL+CD4,0,Muscularis mucosae,SELL+.CD4.T,
025247T1 | 021 | Full ROI,22761,9619,FCRL4+B,0,Muscularis mucosae,FCRL4+.Memory.B,
025247T1 | 021 | Full ROI,22761,9619,FDC,0,Muscularis mucosae,FDC,
025247T1 | 021 | Full ROI,22761,9619,Imm.B,0,Muscularis mucosae,Immature.B,
025247T1 | 021 | Full ROI,22761,9619,Ven.EC,0,Muscularis mucosae,Mature.venous.EC,
025247T1 | 021 | Full ROI,22761,9619,ICC,0.007474225,Muscularis mucosae,ICC,
025247T1 | 021 | Full ROI,22761,9619,T.ret,0,Muscularis mucosae,T.reticular,
025247T1 | 021 | Full ROI,22761,9619,LYVE1+Mac,0.000116443,Muscularis mucosae,LYVE1+.Macrophage,
025247T1 | 021 | Full ROI,22761,9619,Cycl.B,0,Muscularis mucosae,Cycling.B.cell,
025247T1 | 021 | Full ROI,22761,9619,SELL+CD8,0,Muscularis mucosae,SELL+.CD8.T,
025247T1 | 021 | Full ROI,22761,9619,cDC1,0,Muscularis mucosae,cDC1,
025247T1 | 021 | Full ROI,22761,9619,BEST4+ep,2.27E-05,Muscularis mucosae,BEST4+.epithelial,
025247T1 | 021 | Full ROI,22761,9619,Paneth,0,Muscularis mucosae,Paneth,
025247T1 | 021 | Full ROI,22761,9619,EECs,0.008280678,Muscularis mucosae,EECs,
025247T1 | 023 | Full ROI,29360,4435,myofib,0.514956894,Muscularis mucosae,myofibroblast,
025247T1 | 023 | Full ROI,29360,4435,ccyte,0.047791504,Muscularis mucosae,Colonocyte,
025247T1 | 023 | Full ROI,29360,4435,TA,0,Muscularis mucosae,TA,
025247T1 | 023 | Full ROI,29360,4435,BEST2+Gob,0.003370894,Muscularis mucosae,BEST2+.Goblet.cell,
025247T1 | 023 | Full ROI,29360,4435,plasma.A,0.020301477,Muscularis mucosae,IgA.plasma.cell,
025247T1 | 023 | Full ROI,29360,4435,macs,0.052584405,Muscularis mucosae,Macrophages,
025247T1 | 023 | Full ROI,29360,4435,Tuft,0.144530507,Muscularis mucosae,Tuft,
025247T1 | 023 | Full ROI,29360,4435,art.EC,0.033181116,Muscularis mucosae,Mature.arterial.EC,
025247T1 | 023 | Full ROI,29360,4435,Glia,0.055154649,Muscularis mucosae,Adult.Glia,
025247T1 | 023 | Full ROI,29360,4435,Mem.B,0,Muscularis mucosae,Memory.B,
025247T1 | 023 | Full ROI,29360,4435,SELL+CD4,0,Muscularis mucosae,SELL+.CD4.T,
025247T1 | 023 | Full ROI,29360,4435,FCRL4+B,0,Muscularis mucosae,FCRL4+.Memory.B,
025247T1 | 023 | Full ROI,29360,4435,FDC,0.002056362,Muscularis mucosae,FDC,
025247T1 | 023 | Full ROI,29360,4435,Imm.B,0,Muscularis mucosae,Immature.B,
025247T1 | 023 | Full ROI,29360,4435,Ven.EC,0.030255346,Muscularis mucosae,Mature.venous.EC,
025247T1 | 023 | Full ROI,29360,4435,ICC,0.014503988,Muscularis mucosae,ICC,
025247T1 | 023 | Full ROI,29360,4435,T.ret,0.000731495,Muscularis mucosae,T.reticular,
025247T1 | 023 | Full ROI,29360,4435,LYVE1+Mac,0.004377686,Muscularis mucosae,LYVE1+.Macrophage,
025247T1 | 023 | Full ROI,29360,4435,Cycl.B,0,Muscularis mucosae,Cycling.B.cell,
025247T1 | 023 | Full ROI,29360,4435,SELL+CD8,0,Muscularis mucosae,SELL+.CD8.T,
025247T1 | 023 | Full ROI,29360,4435,cDC1,0,Muscularis mucosae,cDC1,
025247T1 | 023 | Full ROI,29360,4435,BEST4+ep,0,Muscularis mucosae,BEST4+.epithelial,
025247T1 | 023 | Full ROI,29360,4435,Paneth,0,Muscularis mucosae,Paneth,
025247T1 | 023 | Full ROI,29360,4435,EECs,0.003157629,Muscularis mucosae,EECs,
025247T1 | 022 | Full ROI,16844,9709,myofib,0.544899817,Muscularis mucosae,myofibroblast,
025247T1 | 022 | Full ROI,16844,9709,ccyte,0.009675643,Muscularis mucosae,Colonocyte,
025247T1 | 022 | Full ROI,16844,9709,TA,0,Muscularis mucosae,TA,
025247T1 | 022 | Full ROI,16844,9709,BEST2+Gob,0.003031229,Muscularis mucosae,BEST2+.Goblet.cell,
025247T1 | 022 | Full ROI,16844,9709,plasma.A,0.013888308,Muscularis mucosae,IgA.plasma.cell,
025247T1 | 022 | Full ROI,16844,9709,macs,0.032798332,Muscularis mucosae,Macrophages,
025247T1 | 022 | Full ROI,16844,9709,Tuft,0.174146587,Muscularis mucosae,Tuft,
025247T1 | 022 | Full ROI,16844,9709,art.EC,0.079030917,Muscularis mucosae,Mature.arterial.EC,
025247T1 | 022 | Full ROI,16844,9709,Glia,0.045240649,Muscularis mucosae,Adult.Glia,
025247T1 | 022 | Full ROI,16844,9709,Mem.B,0,Muscularis mucosae,Memory.B,
025247T1 | 022 | Full ROI,16844,9709,SELL+CD4,0,Muscularis mucosae,SELL+.CD4.T,
025247T1 | 022 | Full ROI,16844,9709,FCRL4+B,0,Muscularis mucosae,FCRL4+.Memory.B,
025247T1 | 022 | Full ROI,16844,9709,FDC,0,Muscularis mucosae,FDC,
025247T1 | 022 | Full ROI,16844,9709,Imm.B,0,Muscularis mucosae,Immature.B,
025247T1 | 022 | Full ROI,16844,9709,Ven.EC,0.017260532,Muscularis mucosae,Mature.venous.EC,
025247T1 | 022 | Full ROI,16844,9709,ICC,0.014842726,Muscularis mucosae,ICC,
025247T1 | 022 | Full ROI,16844,9709,T.ret,0,Muscularis mucosae,T.reticular,
025247T1 | 022 | Full ROI,16844,9709,LYVE1+Mac,0.00810518,Muscularis mucosae,LYVE1+.Macrophage,
025247T1 | 022 | Full ROI,16844,9709,Cycl.B,0,Muscularis mucosae,Cycling.B.cell,
025247T1 | 022 | Full ROI,16844,9709,SELL+CD8,0,Muscularis mucosae,SELL+.CD8.T,
025247T1 | 022 | Full ROI,16844,9709,cDC1,0,Muscularis mucosae,cDC1,
025247T1 | 022 | Full ROI,16844,9709,BEST4+ep,0.000225913,Muscularis mucosae,BEST4+.epithelial,
025247T1 | 022 | Full ROI,16844,9709,Paneth,0,Muscularis mucosae,Paneth,
025247T1 | 022 | Full ROI,16844,9709,EECs,0.009025856,Muscularis mucosae,EECs,
025247T1 | 025 | Full ROI,17459,31539,myofib,0.578488465,Muscularis mucosae,myofibroblast,
025247T1 | 025 | Full ROI,17459,31539,ccyte,0.003961305,Muscularis mucosae,Colonocyte,
025247T1 | 025 | Full ROI,17459,31539,TA,0,Muscularis mucosae,TA,
025247T1 | 025 | Full ROI,17459,31539,BEST2+Gob,0.005475251,Muscularis mucosae,BEST2+.Goblet.cell,
025247T1 | 025 | Full ROI,17459,31539,plasma.A,0.031498554,Muscularis mucosae,IgA.plasma.cell,
025247T1 | 025 | Full ROI,17459,31539,macs,0.041488904,Muscularis mucosae,Macrophages,
025247T1 | 025 | Full ROI,17459,31539,Tuft,0.150756385,Muscularis mucosae,Tuft,
025247T1 | 025 | Full ROI,17459,31539,art.EC,0.029662537,Muscularis mucosae,Mature.arterial.EC,
025247T1 | 025 | Full ROI,17459,31539,Glia,0.02851808,Muscularis mucosae,Adult.Glia,
025247T1 | 025 | Full ROI,17459,31539,Mem.B,0,Muscularis mucosae,Memory.B,
025247T1 | 025 | Full ROI,17459,31539,SELL+CD4,0,Muscularis mucosae,SELL+.CD4.T,
025247T1 | 025 | Full ROI,17459,31539,FCRL4+B,0,Muscularis mucosae,FCRL4+.Memory.B,
025247T1 | 025 | Full ROI,17459,31539,FDC,0.000488087,Muscularis mucosae,FDC,
025247T1 | 025 | Full ROI,17459,31539,Imm.B,0,Muscularis mucosae,Immature.B,
025247T1 | 025 | Full ROI,17459,31539,Ven.EC,0.029266629,Muscularis mucosae,Mature.venous.EC,
025247T1 | 025 | Full ROI,17459,31539,ICC,0.008164443,Muscularis mucosae,ICC,
025247T1 | 025 | Full ROI,17459,31539,T.ret,0.000110057,Muscularis mucosae,T.reticular,
025247T1 | 025 | Full ROI,17459,31539,LYVE1+Mac,0.002831045,Muscularis mucosae,LYVE1+.Macrophage,
025247T1 | 025 | Full ROI,17459,31539,Cycl.B,0,Muscularis mucosae,Cycling.B.cell,
025247T1 | 025 | Full ROI,17459,31539,SELL+CD8,0,Muscularis mucosae,SELL+.CD8.T,
025247T1 | 025 | Full ROI,17459,31539,cDC1,0,Muscularis mucosae,cDC1,
025247T1 | 025 | Full ROI,17459,31539,BEST4+ep,0,Muscularis mucosae,BEST4+.epithelial,
025247T1 | 025 | Full ROI,17459,31539,Paneth,0,Muscularis mucosae,Paneth,
025247T1 | 025 | Full ROI,17459,31539,EECs,0.01137232,Muscularis mucosae,EECs,
025247T1 | 024 | Full ROI,26825,29348,myofib,0.564791375,Muscularis mucosae,myofibroblast,
025247T1 | 024 | Full ROI,26825,29348,ccyte,0.019059607,Muscularis mucosae,Colonocyte,
025247T1 | 024 | Full ROI,26825,29348,TA,0,Muscularis mucosae,TA,
025247T1 | 024 | Full ROI,26825,29348,BEST2+Gob,0.004775236,Muscularis mucosae,BEST2+.Goblet.cell,
025247T1 | 024 | Full ROI,26825,29348,plasma.A,0.017569747,Muscularis mucosae,IgA.plasma.cell,
025247T1 | 024 | Full ROI,26825,29348,macs,0.046626292,Muscularis mucosae,Macrophages,
025247T1 | 024 | Full ROI,26825,29348,Tuft,0.191526749,Muscularis mucosae,Tuft,
025247T1 | 024 | Full ROI,26825,29348,art.EC,0.029906834,Muscularis mucosae,Mature.arterial.EC,
025247T1 | 024 | Full ROI,26825,29348,Glia,0.035545139,Muscularis mucosae,Adult.Glia,
025247T1 | 024 | Full ROI,26825,29348,Mem.B,0,Muscularis mucosae,Memory.B,
025247T1 | 024 | Full ROI,26825,29348,SELL+CD4,0,Muscularis mucosae,SELL+.CD4.T,
025247T1 | 024 | Full ROI,26825,29348,FCRL4+B,0,Muscularis mucosae,FCRL4+.Memory.B,
025247T1 | 024 | Full ROI,26825,29348,FDC,0.000817852,Muscularis mucosae,FDC,
025247T1 | 024 | Full ROI,26825,29348,Imm.B,0,Muscularis mucosae,Immature.B,
025247T1 | 024 | Full ROI,26825,29348,Ven.EC,0.020116406,Muscularis mucosae,Mature.venous.EC,
025247T1 | 024 | Full ROI,26825,29348,ICC,0.007278753,Muscularis mucosae,ICC,
025247T1 | 024 | Full ROI,26825,29348,T.ret,0,Muscularis mucosae,T.reticular,
025247T1 | 024 | Full ROI,26825,29348,LYVE1+Mac,0,Muscularis mucosae,LYVE1+.Macrophage,
025247T1 | 024 | Full ROI,26825,29348,Cycl.B,0,Muscularis mucosae,Cycling.B.cell,
025247T1 | 024 | Full ROI,26825,29348,SELL+CD8,0,Muscularis mucosae,SELL+.CD8.T,
025247T1 | 024 | Full ROI,26825,29348,cDC1,0,Muscularis mucosae,cDC1,
025247T1 | 024 | Full ROI,26825,29348,BEST4+ep,0,Muscularis mucosae,BEST4+.epithelial,
025247T1 | 024 | Full ROI,26825,29348,Paneth,0,Muscularis mucosae,Paneth,
025247T1 | 024 | Full ROI,26825,29348,EECs,0.005499831,Muscularis mucosae,EECs,
025247T1 | 026 | Full ROI,25710,25938,myofib,0.56519814,Muscularis mucosae,myofibroblast,
025247T1 | 026 | Full ROI,25710,25938,ccyte,0.013451413,Muscularis mucosae,Colonocyte,
025247T1 | 026 | Full ROI,25710,25938,TA,0.007779125,Muscularis mucosae,TA,
025247T1 | 026 | Full ROI,25710,25938,BEST2+Gob,0.014317835,Muscularis mucosae,BEST2+.Goblet.cell,
025247T1 | 026 | Full ROI,25710,25938,plasma.A,0.036883666,Muscularis mucosae,IgA.plasma.cell,
025247T1 | 026 | Full ROI,25710,25938,macs,0.02421686,Muscularis mucosae,Macrophages,
025247T1 | 026 | Full ROI,25710,25938,Tuft,0.176082121,Muscularis mucosae,Tuft,
025247T1 | 026 | Full ROI,25710,25938,art.EC,0.040892358,Muscularis mucosae,Mature.arterial.EC,
025247T1 | 026 | Full ROI,25710,25938,Glia,0.043954303,Muscularis mucosae,Adult.Glia,
025247T1 | 026 | Full ROI,25710,25938,Mem.B,0,Muscularis mucosae,Memory.B,
025247T1 | 026 | Full ROI,25710,25938,SELL+CD4,0,Muscularis mucosae,SELL+.CD4.T,
025247T1 | 026 | Full ROI,25710,25938,FCRL4+B,0,Muscularis mucosae,FCRL4+.Memory.B,
025247T1 | 026 | Full ROI,25710,25938,FDC,0,Muscularis mucosae,FDC,
025247T1 | 026 | Full ROI,25710,25938,Imm.B,0,Muscularis mucosae,Immature.B,
025247T1 | 026 | Full ROI,25710,25938,Ven.EC,0.021292499,Muscularis mucosae,Mature.venous.EC,
025247T1 | 026 | Full ROI,25710,25938,ICC,0.002413739,Muscularis mucosae,ICC,
025247T1 | 026 | Full ROI,25710,25938,T.ret,0,Muscularis mucosae,T.reticular,
025247T1 | 026 | Full ROI,25710,25938,LYVE1+Mac,0.008581923,Muscularis mucosae,LYVE1+.Macrophage,
025247T1 | 026 | Full ROI,25710,25938,Cycl.B,0,Muscularis mucosae,Cycling.B.cell,
025247T1 | 026 | Full ROI,25710,25938,SELL+CD8,0,Muscularis mucosae,SELL+.CD8.T,
025247T1 | 026 | Full ROI,25710,25938,cDC1,0,Muscularis mucosae,cDC1,
025247T1 | 026 | Full ROI,25710,25938,BEST4+ep,0.00222029,Muscularis mucosae,BEST4+.epithelial,
025247T1 | 026 | Full ROI,25710,25938,Paneth,0,Muscularis mucosae,Paneth,
025247T1 | 026 | Full ROI,25710,25938,EECs,0.010729876,Muscularis mucosae,EECs,
025247T1 | 002 | PanCK+,30314.45898,1106.504639,myofib,0.008010338,Epithelium,myofibroblast,
025247T1 | 002 | PanCK+,30314.45898,1106.504639,ccyte,0.702562115,Epithelium,Colonocyte,
025247T1 | 002 | PanCK+,30314.45898,1106.504639,TA,0,Epithelium,TA,
025247T1 | 002 | PanCK+,30314.45898,1106.504639,BEST2+Gob,0.072039855,Epithelium,BEST2+.Goblet.cell,
025247T1 | 002 | PanCK+,30314.45898,1106.504639,plasma.A,0.024156101,Epithelium,IgA.plasma.cell,
025247T1 | 002 | PanCK+,30314.45898,1106.504639,macs,0.015830049,Epithelium,Macrophages,
025247T1 | 002 | PanCK+,30314.45898,1106.504639,Tuft,0.014746464,Epithelium,Tuft,
025247T1 | 002 | PanCK+,30314.45898,1106.504639,art.EC,0.003724872,Epithelium,Mature.arterial.EC,
025247T1 | 002 | PanCK+,30314.45898,1106.504639,Glia,0.003131562,Epithelium,Adult.Glia,
025247T1 | 002 | PanCK+,30314.45898,1106.504639,Mem.B,0,Epithelium,Memory.B,
025247T1 | 002 | PanCK+,30314.45898,1106.504639,SELL+CD4,0,Epithelium,SELL+.CD4.T,
025247T1 | 002 | PanCK+,30314.45898,1106.504639,FCRL4+B,0,Epithelium,FCRL4+.Memory.B,
025247T1 | 002 | PanCK+,30314.45898,1106.504639,FDC,0.000282972,Epithelium,FDC,
025247T1 | 002 | PanCK+,30314.45898,1106.504639,Imm.B,0,Epithelium,Immature.B,
025247T1 | 002 | PanCK+,30314.45898,1106.504639,Ven.EC,0.001646948,Epithelium,Mature.venous.EC,
025247T1 | 002 | PanCK+,30314.45898,1106.504639,ICC,0.000480388,Epithelium,ICC,
025247T1 | 002 | PanCK+,30314.45898,1106.504639,T.ret,0,Epithelium,T.reticular,
025247T1 | 002 | PanCK+,30314.45898,1106.504639,LYVE1+Mac,0,Epithelium,LYVE1+.Macrophage,
025247T1 | 002 | PanCK+,30314.45898,1106.504639,Cycl.B,0,Epithelium,Cycling.B.cell,
025247T1 | 002 | PanCK+,30314.45898,1106.504639,SELL+CD8,0,Epithelium,SELL+.CD8.T,
025247T1 | 002 | PanCK+,30314.45898,1106.504639,cDC1,0,Epithelium,cDC1,
025247T1 | 002 | PanCK+,30314.45898,1106.504639,BEST4+ep,0.044111656,Epithelium,BEST4+.epithelial,
025247T1 | 002 | PanCK+,30314.45898,1106.504639,Paneth,0,Epithelium,Paneth,
025247T1 | 002 | PanCK+,30314.45898,1106.504639,EECs,0.002039291,Epithelium,EECs,
025247T1 | 003 | PanCK+,15926.55859,30108.26563,myofib,0.005145829,Epithelium,myofibroblast,
025247T1 | 003 | PanCK+,15926.55859,30108.26563,ccyte,0.717653623,Epithelium,Colonocyte,
025247T1 | 003 | PanCK+,15926.55859,30108.26563,TA,0,Epithelium,TA,
025247T1 | 003 | PanCK+,15926.55859,30108.26563,BEST2+Gob,0.070470839,Epithelium,BEST2+.Goblet.cell,
025247T1 | 003 | PanCK+,15926.55859,30108.26563,plasma.A,0.017253163,Epithelium,IgA.plasma.cell,
025247T1 | 003 | PanCK+,15926.55859,30108.26563,macs,0.022492118,Epithelium,Macrophages,
025247T1 | 003 | PanCK+,15926.55859,30108.26563,Tuft,0.009295142,Epithelium,Tuft,
025247T1 | 003 | PanCK+,15926.55859,30108.26563,art.EC,0.001230868,Epithelium,Mature.arterial.EC,
025247T1 | 003 | PanCK+,15926.55859,30108.26563,Glia,0,Epithelium,Adult.Glia,
025247T1 | 003 | PanCK+,15926.55859,30108.26563,Mem.B,0,Epithelium,Memory.B,
025247T1 | 003 | PanCK+,15926.55859,30108.26563,SELL+CD4,0,Epithelium,SELL+.CD4.T,
025247T1 | 003 | PanCK+,15926.55859,30108.26563,FCRL4+B,0,Epithelium,FCRL4+.Memory.B,
025247T1 | 003 | PanCK+,15926.55859,30108.26563,FDC,0,Epithelium,FDC,
025247T1 | 003 | PanCK+,15926.55859,30108.26563,Imm.B,0,Epithelium,Immature.B,
025247T1 | 003 | PanCK+,15926.55859,30108.26563,Ven.EC,0,Epithelium,Mature.venous.EC,
025247T1 | 003 | PanCK+,15926.55859,30108.26563,ICC,0,Epithelium,ICC,
025247T1 | 003 | PanCK+,15926.55859,30108.26563,T.ret,0,Epithelium,T.reticular,
025247T1 | 003 | PanCK+,15926.55859,30108.26563,LYVE1+Mac,0,Epithelium,LYVE1+.Macrophage,
025247T1 | 003 | PanCK+,15926.55859,30108.26563,Cycl.B,0,Epithelium,Cycling.B.cell,
025247T1 | 003 | PanCK+,15926.55859,30108.26563,SELL+CD8,0,Epithelium,SELL+.CD8.T,
025247T1 | 003 | PanCK+,15926.55859,30108.26563,cDC1,0,Epithelium,cDC1,
025247T1 | 003 | PanCK+,15926.55859,30108.26563,BEST4+ep,0.107792691,Epithelium,BEST4+.epithelial,
025247T1 | 003 | PanCK+,15926.55859,30108.26563,Paneth,0,Epithelium,Paneth,
025247T1 | 003 | PanCK+,15926.55859,30108.26563,EECs,0,Epithelium,EECs,
025247T1 | 001 | PanCK+,22326.54297,8357.572266,myofib,0.004881143,Epithelium,myofibroblast,
025247T1 | 001 | PanCK+,22326.54297,8357.572266,ccyte,0.696349741,Epithelium,Colonocyte,
025247T1 | 001 | PanCK+,22326.54297,8357.572266,TA,0,Epithelium,TA,
025247T1 | 001 | PanCK+,22326.54297,8357.572266,BEST2+Gob,0.16037354,Epithelium,BEST2+.Goblet.cell,
025247T1 | 001 | PanCK+,22326.54297,8357.572266,plasma.A,0.022344805,Epithelium,IgA.plasma.cell,
025247T1 | 001 | PanCK+,22326.54297,8357.572266,macs,0.015251824,Epithelium,Macrophages,
025247T1 | 001 | PanCK+,22326.54297,8357.572266,Tuft,0.00875247,Epithelium,Tuft,
025247T1 | 001 | PanCK+,22326.54297,8357.572266,art.EC,0.000391947,Epithelium,Mature.arterial.EC,
025247T1 | 001 | PanCK+,22326.54297,8357.572266,Glia,0.000477232,Epithelium,Adult.Glia,
025247T1 | 001 | PanCK+,22326.54297,8357.572266,Mem.B,0,Epithelium,Memory.B,
025247T1 | 001 | PanCK+,22326.54297,8357.572266,SELL+CD4,0,Epithelium,SELL+.CD4.T,
025247T1 | 001 | PanCK+,22326.54297,8357.572266,FCRL4+B,0,Epithelium,FCRL4+.Memory.B,
025247T1 | 001 | PanCK+,22326.54297,8357.572266,FDC,0,Epithelium,FDC,
025247T1 | 001 | PanCK+,22326.54297,8357.572266,Imm.B,0,Epithelium,Immature.B,
025247T1 | 001 | PanCK+,22326.54297,8357.572266,Ven.EC,0,Epithelium,Mature.venous.EC,
025247T1 | 001 | PanCK+,22326.54297,8357.572266,ICC,0,Epithelium,ICC,
025247T1 | 001 | PanCK+,22326.54297,8357.572266,T.ret,0,Epithelium,T.reticular,
025247T1 | 001 | PanCK+,22326.54297,8357.572266,LYVE1+Mac,0,Epithelium,LYVE1+.Macrophage,
025247T1 | 001 | PanCK+,22326.54297,8357.572266,Cycl.B,0,Epithelium,Cycling.B.cell,
025247T1 | 001 | PanCK+,22326.54297,8357.572266,SELL+CD8,0,Epithelium,SELL+.CD8.T,
025247T1 | 001 | PanCK+,22326.54297,8357.572266,cDC1,0,Epithelium,cDC1,
025247T1 | 001 | PanCK+,22326.54297,8357.572266,BEST4+ep,0.03603855,Epithelium,BEST4+.epithelial,
025247T1 | 001 | PanCK+,22326.54297,8357.572266,Paneth,0,Epithelium,Paneth,
025247T1 | 001 | PanCK+,22326.54297,8357.572266,EECs,0.000429538,Epithelium,EECs,
025247T1 | 006 | PanCK+,33507.43359,35182.27344,myofib,0.003590879,Epithelium,myofibroblast,
025247T1 | 006 | PanCK+,33507.43359,35182.27344,ccyte,0.632053727,Epithelium,Colonocyte,
025247T1 | 006 | PanCK+,33507.43359,35182.27344,TA,0,Epithelium,TA,
025247T1 | 006 | PanCK+,33507.43359,35182.27344,BEST2+Gob,0.15517357,Epithelium,BEST2+.Goblet.cell,
025247T1 | 006 | PanCK+,33507.43359,35182.27344,plasma.A,0.02317194,Epithelium,IgA.plasma.cell,
025247T1 | 006 | PanCK+,33507.43359,35182.27344,macs,0.014923615,Epithelium,Macrophages,
025247T1 | 006 | PanCK+,33507.43359,35182.27344,Tuft,0.026827468,Epithelium,Tuft,
025247T1 | 006 | PanCK+,33507.43359,35182.27344,art.EC,0.001137018,Epithelium,Mature.arterial.EC,
025247T1 | 006 | PanCK+,33507.43359,35182.27344,Glia,0.001798958,Epithelium,Adult.Glia,
025247T1 | 006 | PanCK+,33507.43359,35182.27344,Mem.B,0,Epithelium,Memory.B,
025247T1 | 006 | PanCK+,33507.43359,35182.27344,SELL+CD4,0,Epithelium,SELL+.CD4.T,
025247T1 | 006 | PanCK+,33507.43359,35182.27344,FCRL4+B,0,Epithelium,FCRL4+.Memory.B,
025247T1 | 006 | PanCK+,33507.43359,35182.27344,FDC,0.000243543,Epithelium,FDC,
025247T1 | 006 | PanCK+,33507.43359,35182.27344,Imm.B,0,Epithelium,Immature.B,
025247T1 | 006 | PanCK+,33507.43359,35182.27344,Ven.EC,0.002070435,Epithelium,Mature.venous.EC,
025247T1 | 006 | PanCK+,33507.43359,35182.27344,ICC,0,Epithelium,ICC,
025247T1 | 006 | PanCK+,33507.43359,35182.27344,T.ret,0,Epithelium,T.reticular,
025247T1 | 006 | PanCK+,33507.43359,35182.27344,LYVE1+Mac,0,Epithelium,LYVE1+.Macrophage,
025247T1 | 006 | PanCK+,33507.43359,35182.27344,Cycl.B,0,Epithelium,Cycling.B.cell,
025247T1 | 006 | PanCK+,33507.43359,35182.27344,SELL+CD8,0.000246875,Epithelium,SELL+.CD8.T,
025247T1 | 006 | PanCK+,33507.43359,35182.27344,cDC1,0,Epithelium,cDC1,
025247T1 | 006 | PanCK+,33507.43359,35182.27344,BEST4+ep,0.05631488,Epithelium,BEST4+.epithelial,
025247T1 | 006 | PanCK+,33507.43359,35182.27344,Paneth,0,Epithelium,Paneth,
025247T1 | 006 | PanCK+,33507.43359,35182.27344,EECs,0.004612857,Epithelium,EECs,
025247T1 | 004 | PanCK+,27143.29297,28611.77539,myofib,0.003705038,Epithelium,myofibroblast,
025247T1 | 004 | PanCK+,27143.29297,28611.77539,ccyte,0.308726922,Epithelium,Colonocyte,
025247T1 | 004 | PanCK+,27143.29297,28611.77539,TA,0.103588171,Epithelium,TA,
025247T1 | 004 | PanCK+,27143.29297,28611.77539,BEST2+Gob,0.413324979,Epithelium,BEST2+.Goblet.cell,
025247T1 | 004 | PanCK+,27143.29297,28611.77539,plasma.A,0.030556661,Epithelium,IgA.plasma.cell,
025247T1 | 004 | PanCK+,27143.29297,28611.77539,macs,0.012971127,Epithelium,Macrophages,
025247T1 | 004 | PanCK+,27143.29297,28611.77539,Tuft,0.027386117,Epithelium,Tuft,
025247T1 | 004 | PanCK+,27143.29297,28611.77539,art.EC,0,Epithelium,Mature.arterial.EC,
025247T1 | 004 | PanCK+,27143.29297,28611.77539,Glia,0,Epithelium,Adult.Glia,
025247T1 | 004 | PanCK+,27143.29297,28611.77539,Mem.B,0,Epithelium,Memory.B,
025247T1 | 004 | PanCK+,27143.29297,28611.77539,SELL+CD4,0,Epithelium,SELL+.CD4.T,
025247T1 | 004 | PanCK+,27143.29297,28611.77539,FCRL4+B,0,Epithelium,FCRL4+.Memory.B,
025247T1 | 004 | PanCK+,27143.29297,28611.77539,FDC,0.000243264,Epithelium,FDC,
025247T1 | 004 | PanCK+,27143.29297,28611.77539,Imm.B,0,Epithelium,Immature.B,
025247T1 | 004 | PanCK+,27143.29297,28611.77539,Ven.EC,0.000441564,Epithelium,Mature.venous.EC,
025247T1 | 004 | PanCK+,27143.29297,28611.77539,ICC,0,Epithelium,ICC,
025247T1 | 004 | PanCK+,27143.29297,28611.77539,T.ret,0,Epithelium,T.reticular,
025247T1 | 004 | PanCK+,27143.29297,28611.77539,LYVE1+Mac,0,Epithelium,LYVE1+.Macrophage,
025247T1 | 004 | PanCK+,27143.29297,28611.77539,Cycl.B,0,Epithelium,Cycling.B.cell,
025247T1 | 004 | PanCK+,27143.29297,28611.77539,SELL+CD8,0.00483096,Epithelium,SELL+.CD8.T,
025247T1 | 004 | PanCK+,27143.29297,28611.77539,cDC1,0,Epithelium,cDC1,
025247T1 | 004 | PanCK+,27143.29297,28611.77539,BEST4+ep,0.003117036,Epithelium,BEST4+.epithelial,
025247T1 | 004 | PanCK+,27143.29297,28611.77539,Paneth,0,Epithelium,Paneth,
025247T1 | 004 | PanCK+,27143.29297,28611.77539,EECs,0.006249073,Epithelium,EECs,
025247T1 | 005 | PanCK+,27013.88281,31268.40039,myofib,0.003594422,Epithelium,myofibroblast,
025247T1 | 005 | PanCK+,27013.88281,31268.40039,ccyte,0.415277899,Epithelium,Colonocyte,
025247T1 | 005 | PanCK+,27013.88281,31268.40039,TA,0.068128403,Epithelium,TA,
025247T1 | 005 | PanCK+,27013.88281,31268.40039,BEST2+Gob,0.370447413,Epithelium,BEST2+.Goblet.cell,
025247T1 | 005 | PanCK+,27013.88281,31268.40039,plasma.A,0.026949407,Epithelium,IgA.plasma.cell,
025247T1 | 005 | PanCK+,27013.88281,31268.40039,macs,0.009345115,Epithelium,Macrophages,
025247T1 | 005 | PanCK+,27013.88281,31268.40039,Tuft,0.021363151,Epithelium,Tuft,
025247T1 | 005 | PanCK+,27013.88281,31268.40039,art.EC,0,Epithelium,Mature.arterial.EC,
025247T1 | 005 | PanCK+,27013.88281,31268.40039,Glia,0,Epithelium,Adult.Glia,
025247T1 | 005 | PanCK+,27013.88281,31268.40039,Mem.B,0,Epithelium,Memory.B,
025247T1 | 005 | PanCK+,27013.88281,31268.40039,SELL+CD4,0,Epithelium,SELL+.CD4.T,
025247T1 | 005 | PanCK+,27013.88281,31268.40039,FCRL4+B,0,Epithelium,FCRL4+.Memory.B,
025247T1 | 005 | PanCK+,27013.88281,31268.40039,FDC,0.000121806,Epithelium,FDC,
025247T1 | 005 | PanCK+,27013.88281,31268.40039,Imm.B,0,Epithelium,Immature.B,
025247T1 | 005 | PanCK+,27013.88281,31268.40039,Ven.EC,0.001111587,Epithelium,Mature.venous.EC,
025247T1 | 005 | PanCK+,27013.88281,31268.40039,ICC,0,Epithelium,ICC,
025247T1 | 005 | PanCK+,27013.88281,31268.40039,T.ret,5.20E-05,Epithelium,T.reticular,
025247T1 | 005 | PanCK+,27013.88281,31268.40039,LYVE1+Mac,0,Epithelium,LYVE1+.Macrophage,
025247T1 | 005 | PanCK+,27013.88281,31268.40039,Cycl.B,0,Epithelium,Cycling.B.cell,
025247T1 | 005 | PanCK+,27013.88281,31268.40039,SELL+CD8,0.003112024,Epithelium,SELL+.CD8.T,
025247T1 | 005 | PanCK+,27013.88281,31268.40039,cDC1,0,Epithelium,cDC1,
025247T1 | 005 | PanCK+,27013.88281,31268.40039,BEST4+ep,0.007938405,Epithelium,BEST4+.epithelial,
025247T1 | 005 | PanCK+,27013.88281,31268.40039,Paneth,0,Epithelium,Paneth,
025247T1 | 005 | PanCK+,27013.88281,31268.40039,EECs,0.004194639,Epithelium,EECs,
025247T1 | 028 | segment1,12584,39010,myofib,0.001681879,Enteroendocrine cells,myofibroblast,DNA
025247T1 | 028 | segment1,12584,39010,ccyte,0,Enteroendocrine cells,Colonocyte,DNA
025247T1 | 028 | segment1,12584,39010,TA,0.366746792,Enteroendocrine cells,TA,DNA
025247T1 | 028 | segment1,12584,39010,BEST2+Gob,0.34940593,Enteroendocrine cells,BEST2+.Goblet.cell,DNA
025247T1 | 028 | segment1,12584,39010,plasma.A,0,Enteroendocrine cells,IgA.plasma.cell,DNA
025247T1 | 028 | segment1,12584,39010,macs,0.017566776,Enteroendocrine cells,Macrophages,DNA
025247T1 | 028 | segment1,12584,39010,Tuft,0.07149968,Enteroendocrine cells,Tuft,DNA
025247T1 | 028 | segment1,12584,39010,art.EC,0.005410752,Enteroendocrine cells,Mature.arterial.EC,DNA
025247T1 | 028 | segment1,12584,39010,Glia,0,Enteroendocrine cells,Adult.Glia,DNA
025247T1 | 028 | segment1,12584,39010,Mem.B,0,Enteroendocrine cells,Memory.B,DNA
025247T1 | 028 | segment1,12584,39010,SELL+CD4,0,Enteroendocrine cells,SELL+.CD4.T,DNA
025247T1 | 028 | segment1,12584,39010,FCRL4+B,0,Enteroendocrine cells,FCRL4+.Memory.B,DNA
025247T1 | 028 | segment1,12584,39010,FDC,0,Enteroendocrine cells,FDC,DNA
025247T1 | 028 | segment1,12584,39010,Imm.B,0,Enteroendocrine cells,Immature.B,DNA
025247T1 | 028 | segment1,12584,39010,Ven.EC,0,Enteroendocrine cells,Mature.venous.EC,DNA
025247T1 | 028 | segment1,12584,39010,ICC,0,Enteroendocrine cells,ICC,DNA
025247T1 | 028 | segment1,12584,39010,T.ret,2.45E-05,Enteroendocrine cells,T.reticular,DNA
025247T1 | 028 | segment1,12584,39010,LYVE1+Mac,0,Enteroendocrine cells,LYVE1+.Macrophage,DNA
025247T1 | 028 | segment1,12584,39010,Cycl.B,0.002848595,Enteroendocrine cells,Cycling.B.cell,DNA
025247T1 | 028 | segment1,12584,39010,SELL+CD8,0,Enteroendocrine cells,SELL+.CD8.T,DNA
025247T1 | 028 | segment1,12584,39010,cDC1,0,Enteroendocrine cells,cDC1,DNA
025247T1 | 028 | segment1,12584,39010,BEST4+ep,0,Enteroendocrine cells,BEST4+.epithelial,DNA
025247T1 | 028 | segment1,12584,39010,Paneth,0,Enteroendocrine cells,Paneth,DNA
025247T1 | 028 | segment1,12584,39010,EECs,0.136926228,Enteroendocrine cells,EECs,DNA
025247T1 | 027 | segment1,29379,31390,myofib,0.004480438,Enteroendocrine cells,myofibroblast,DNA
025247T1 | 027 | segment1,29379,31390,ccyte,0,Enteroendocrine cells,Colonocyte,DNA
025247T1 | 027 | segment1,29379,31390,TA,0.261448256,Enteroendocrine cells,TA,DNA
025247T1 | 027 | segment1,29379,31390,BEST2+Gob,0.365092769,Enteroendocrine cells,BEST2+.Goblet.cell,DNA
025247T1 | 027 | segment1,29379,31390,plasma.A,0.016929985,Enteroendocrine cells,IgA.plasma.cell,DNA
025247T1 | 027 | segment1,29379,31390,macs,0.024105032,Enteroendocrine cells,Macrophages,DNA
025247T1 | 027 | segment1,29379,31390,Tuft,0.054745571,Enteroendocrine cells,Tuft,DNA
025247T1 | 027 | segment1,29379,31390,art.EC,0.012778547,Enteroendocrine cells,Mature.arterial.EC,DNA
025247T1 | 027 | segment1,29379,31390,Glia,0,Enteroendocrine cells,Adult.Glia,DNA
025247T1 | 027 | segment1,29379,31390,Mem.B,0,Enteroendocrine cells,Memory.B,DNA
025247T1 | 027 | segment1,29379,31390,SELL+CD4,0,Enteroendocrine cells,SELL+.CD4.T,DNA
025247T1 | 027 | segment1,29379,31390,FCRL4+B,0,Enteroendocrine cells,FCRL4+.Memory.B,DNA
025247T1 | 027 | segment1,29379,31390,FDC,0,Enteroendocrine cells,FDC,DNA
025247T1 | 027 | segment1,29379,31390,Imm.B,0,Enteroendocrine cells,Immature.B,DNA
025247T1 | 027 | segment1,29379,31390,Ven.EC,0,Enteroendocrine cells,Mature.venous.EC,DNA
025247T1 | 027 | segment1,29379,31390,ICC,0,Enteroendocrine cells,ICC,DNA
025247T1 | 027 | segment1,29379,31390,T.ret,0.000442811,Enteroendocrine cells,T.reticular,DNA
025247T1 | 027 | segment1,29379,31390,LYVE1+Mac,0,Enteroendocrine cells,LYVE1+.Macrophage,DNA
025247T1 | 027 | segment1,29379,31390,Cycl.B,0,Enteroendocrine cells,Cycling.B.cell,DNA
025247T1 | 027 | segment1,29379,31390,SELL+CD8,0,Enteroendocrine cells,SELL+.CD8.T,DNA
025247T1 | 027 | segment1,29379,31390,cDC1,0,Enteroendocrine cells,cDC1,DNA
025247T1 | 027 | segment1,29379,31390,BEST4+ep,0,Enteroendocrine cells,BEST4+.epithelial,DNA
025247T1 | 027 | segment1,29379,31390,Paneth,0,Enteroendocrine cells,Paneth,DNA
025247T1 | 027 | segment1,29379,31390,EECs,0.200741144,Enteroendocrine cells,EECs,DNA
025247T1 | 029 | segment1,33924,38851,myofib,0.010802751,Enteroendocrine cells,myofibroblast,DNA
025247T1 | 029 | segment1,33924,38851,ccyte,0,Enteroendocrine cells,Colonocyte,DNA
025247T1 | 029 | segment1,33924,38851,TA,0.274839434,Enteroendocrine cells,TA,DNA
025247T1 | 029 | segment1,33924,38851,BEST2+Gob,0.303651639,Enteroendocrine cells,BEST2+.Goblet.cell,DNA
025247T1 | 029 | segment1,33924,38851,plasma.A,0,Enteroendocrine cells,IgA.plasma.cell,DNA
025247T1 | 029 | segment1,33924,38851,macs,0.014510056,Enteroendocrine cells,Macrophages,DNA
025247T1 | 029 | segment1,33924,38851,Tuft,0.093816857,Enteroendocrine cells,Tuft,DNA
025247T1 | 029 | segment1,33924,38851,art.EC,0.006152521,Enteroendocrine cells,Mature.arterial.EC,DNA
025247T1 | 029 | segment1,33924,38851,Glia,0,Enteroendocrine cells,Adult.Glia,DNA
025247T1 | 029 | segment1,33924,38851,Mem.B,0,Enteroendocrine cells,Memory.B,DNA
025247T1 | 029 | segment1,33924,38851,SELL+CD4,0,Enteroendocrine cells,SELL+.CD4.T,DNA
025247T1 | 029 | segment1,33924,38851,FCRL4+B,0,Enteroendocrine cells,FCRL4+.Memory.B,DNA
025247T1 | 029 | segment1,33924,38851,FDC,0.000347967,Enteroendocrine cells,FDC,DNA
025247T1 | 029 | segment1,33924,38851,Imm.B,0,Enteroendocrine cells,Immature.B,DNA
025247T1 | 029 | segment1,33924,38851,Ven.EC,0,Enteroendocrine cells,Mature.venous.EC,DNA
025247T1 | 029 | segment1,33924,38851,ICC,0,Enteroendocrine cells,ICC,DNA
025247T1 | 029 | segment1,33924,38851,T.ret,0.002770423,Enteroendocrine cells,T.reticular,DNA
025247T1 | 029 | segment1,33924,38851,LYVE1+Mac,0,Enteroendocrine cells,LYVE1+.Macrophage,DNA
025247T1 | 029 | segment1,33924,38851,Cycl.B,0,Enteroendocrine cells,Cycling.B.cell,DNA
025247T1 | 029 | segment1,33924,38851,SELL+CD8,0,Enteroendocrine cells,SELL+.CD8.T,DNA
025247T1 | 029 | segment1,33924,38851,cDC1,0,Enteroendocrine cells,cDC1,DNA
025247T1 | 029 | segment1,33924,38851,BEST4+ep,0,Enteroendocrine cells,BEST4+.epithelial,DNA
025247T1 | 029 | segment1,33924,38851,Paneth,0,Enteroendocrine cells,Paneth,DNA
025247T1 | 029 | segment1,33924,38851,EECs,0.213262916,Enteroendocrine cells,EECs,DNA
025247T1 | 030 | segment1,12856,32435,myofib,0.007979406,Enteroendocrine cells,myofibroblast,DNA
025247T1 | 030 | segment1,12856,32435,ccyte,0,Enteroendocrine cells,Colonocyte,DNA
025247T1 | 030 | segment1,12856,32435,TA,0.152801916,Enteroendocrine cells,TA,DNA
025247T1 | 030 | segment1,12856,32435,BEST2+Gob,0.408171151,Enteroendocrine cells,BEST2+.Goblet.cell,DNA
025247T1 | 030 | segment1,12856,32435,plasma.A,0.020107778,Enteroendocrine cells,IgA.plasma.cell,DNA
025247T1 | 030 | segment1,12856,32435,macs,0,Enteroendocrine cells,Macrophages,DNA
025247T1 | 030 | segment1,12856,32435,Tuft,0.025801089,Enteroendocrine cells,Tuft,DNA
025247T1 | 030 | segment1,12856,32435,art.EC,0.003265642,Enteroendocrine cells,Mature.arterial.EC,DNA
025247T1 | 030 | segment1,12856,32435,Glia,0,Enteroendocrine cells,Adult.Glia,DNA
025247T1 | 030 | segment1,12856,32435,Mem.B,0,Enteroendocrine cells,Memory.B,DNA
025247T1 | 030 | segment1,12856,32435,SELL+CD4,0,Enteroendocrine cells,SELL+.CD4.T,DNA
025247T1 | 030 | segment1,12856,32435,FCRL4+B,0,Enteroendocrine cells,FCRL4+.Memory.B,DNA
025247T1 | 030 | segment1,12856,32435,FDC,0,Enteroendocrine cells,FDC,DNA
025247T1 | 030 | segment1,12856,32435,Imm.B,0,Enteroendocrine cells,Immature.B,DNA
025247T1 | 030 | segment1,12856,32435,Ven.EC,0,Enteroendocrine cells,Mature.venous.EC,DNA
025247T1 | 030 | segment1,12856,32435,ICC,0,Enteroendocrine cells,ICC,DNA
025247T1 | 030 | segment1,12856,32435,T.ret,0,Enteroendocrine cells,T.reticular,DNA
025247T1 | 030 | segment1,12856,32435,LYVE1+Mac,0,Enteroendocrine cells,LYVE1+.Macrophage,DNA
025247T1 | 030 | segment1,12856,32435,Cycl.B,0,Enteroendocrine cells,Cycling.B.cell,DNA
025247T1 | 030 | segment1,12856,32435,SELL+CD8,0,Enteroendocrine cells,SELL+.CD8.T,DNA
025247T1 | 030 | segment1,12856,32435,cDC1,0,Enteroendocrine cells,cDC1,DNA
025247T1 | 030 | segment1,12856,32435,BEST4+ep,0,Enteroendocrine cells,BEST4+.epithelial,DNA
025247T1 | 030 | segment1,12856,32435,Paneth,0.216343693,Enteroendocrine cells,Paneth,DNA
025247T1 | 030 | segment1,12856,32435,EECs,0.134231672,Enteroendocrine cells,EECs,DNA
025247T1 | 032 | segment1,12931,10896,myofib,0,Enteroendocrine cells,myofibroblast,DNA
025247T1 | 032 | segment1,12931,10896,ccyte,0,Enteroendocrine cells,Colonocyte,DNA
025247T1 | 032 | segment1,12931,10896,TA,0.252303313,Enteroendocrine cells,TA,DNA
025247T1 | 032 | segment1,12931,10896,BEST2+Gob,0.281900076,Enteroendocrine cells,BEST2+.Goblet.cell,DNA
025247T1 | 032 | segment1,12931,10896,plasma.A,0.013787816,Enteroendocrine cells,IgA.plasma.cell,DNA
025247T1 | 032 | segment1,12931,10896,macs,0,Enteroendocrine cells,Macrophages,DNA
025247T1 | 032 | segment1,12931,10896,Tuft,0.022513513,Enteroendocrine cells,Tuft,DNA
025247T1 | 032 | segment1,12931,10896,art.EC,0,Enteroendocrine cells,Mature.arterial.EC,DNA
025247T1 | 032 | segment1,12931,10896,Glia,0,Enteroendocrine cells,Adult.Glia,DNA
025247T1 | 032 | segment1,12931,10896,Mem.B,0,Enteroendocrine cells,Memory.B,DNA
025247T1 | 032 | segment1,12931,10896,SELL+CD4,0,Enteroendocrine cells,SELL+.CD4.T,DNA
025247T1 | 032 | segment1,12931,10896,FCRL4+B,0,Enteroendocrine cells,FCRL4+.Memory.B,DNA
025247T1 | 032 | segment1,12931,10896,FDC,0,Enteroendocrine cells,FDC,DNA
025247T1 | 032 | segment1,12931,10896,Imm.B,0,Enteroendocrine cells,Immature.B,DNA
025247T1 | 032 | segment1,12931,10896,Ven.EC,0,Enteroendocrine cells,Mature.venous.EC,DNA
025247T1 | 032 | segment1,12931,10896,ICC,0,Enteroendocrine cells,ICC,DNA
025247T1 | 032 | segment1,12931,10896,T.ret,0.000176469,Enteroendocrine cells,T.reticular,DNA
025247T1 | 032 | segment1,12931,10896,LYVE1+Mac,0,Enteroendocrine cells,LYVE1+.Macrophage,DNA
025247T1 | 032 | segment1,12931,10896,Cycl.B,0,Enteroendocrine cells,Cycling.B.cell,DNA
025247T1 | 032 | segment1,12931,10896,SELL+CD8,0,Enteroendocrine cells,SELL+.CD8.T,DNA
025247T1 | 032 | segment1,12931,10896,cDC1,0,Enteroendocrine cells,cDC1,DNA
025247T1 | 032 | segment1,12931,10896,BEST4+ep,0,Enteroendocrine cells,BEST4+.epithelial,DNA
025247T1 | 032 | segment1,12931,10896,Paneth,0.281109113,Enteroendocrine cells,Paneth,DNA
025247T1 | 032 | segment1,12931,10896,EECs,0.067603054,Enteroendocrine cells,EECs,DNA
025247T1 | 040 | Full ROI,13728.7793,34852.78125,myofib,0.124895858,Submucosa Connective Tissues,myofibroblast,
025247T1 | 040 | Full ROI,13728.7793,34852.78125,ccyte,0,Submucosa Connective Tissues,Colonocyte,
025247T1 | 040 | Full ROI,13728.7793,34852.78125,TA,0,Submucosa Connective Tissues,TA,
025247T1 | 040 | Full ROI,13728.7793,34852.78125,BEST2+Gob,0,Submucosa Connective Tissues,BEST2+.Goblet.cell,
025247T1 | 040 | Full ROI,13728.7793,34852.78125,plasma.A,0,Submucosa Connective Tissues,IgA.plasma.cell,
025247T1 | 040 | Full ROI,13728.7793,34852.78125,macs,0.07611096,Submucosa Connective Tissues,Macrophages,
025247T1 | 040 | Full ROI,13728.7793,34852.78125,Tuft,0.061116588,Submucosa Connective Tissues,Tuft,
025247T1 | 040 | Full ROI,13728.7793,34852.78125,art.EC,0.147826878,Submucosa Connective Tissues,Mature.arterial.EC,
025247T1 | 040 | Full ROI,13728.7793,34852.78125,Glia,0.11549714,Submucosa Connective Tissues,Adult.Glia,
025247T1 | 040 | Full ROI,13728.7793,34852.78125,Mem.B,0,Submucosa Connective Tissues,Memory.B,
025247T1 | 040 | Full ROI,13728.7793,34852.78125,SELL+CD4,0,Submucosa Connective Tissues,SELL+.CD4.T,
025247T1 | 040 | Full ROI,13728.7793,34852.78125,FCRL4+B,0,Submucosa Connective Tissues,FCRL4+.Memory.B,
025247T1 | 040 | Full ROI,13728.7793,34852.78125,FDC,0,Submucosa Connective Tissues,FDC,
025247T1 | 040 | Full ROI,13728.7793,34852.78125,Imm.B,0,Submucosa Connective Tissues,Immature.B,
025247T1 | 040 | Full ROI,13728.7793,34852.78125,Ven.EC,0.023776281,Submucosa Connective Tissues,Mature.venous.EC,
025247T1 | 040 | Full ROI,13728.7793,34852.78125,ICC,0.015726858,Submucosa Connective Tissues,ICC,
025247T1 | 040 | Full ROI,13728.7793,34852.78125,T.ret,0.105220106,Submucosa Connective Tissues,T.reticular,
025247T1 | 040 | Full ROI,13728.7793,34852.78125,LYVE1+Mac,0.185906117,Submucosa Connective Tissues,LYVE1+.Macrophage,
025247T1 | 040 | Full ROI,13728.7793,34852.78125,Cycl.B,0,Submucosa Connective Tissues,Cycling.B.cell,
025247T1 | 040 | Full ROI,13728.7793,34852.78125,SELL+CD8,0,Submucosa Connective Tissues,SELL+.CD8.T,
025247T1 | 040 | Full ROI,13728.7793,34852.78125,cDC1,0,Submucosa Connective Tissues,cDC1,
025247T1 | 040 | Full ROI,13728.7793,34852.78125,BEST4+ep,0.001777162,Submucosa Connective Tissues,BEST4+.epithelial,
025247T1 | 040 | Full ROI,13728.7793,34852.78125,Paneth,0,Submucosa Connective Tissues,Paneth,
025247T1 | 040 | Full ROI,13728.7793,34852.78125,EECs,0,Submucosa Connective Tissues,EECs,
025247T1 | 038 | Full ROI,27770.59766,8917.713867,myofib,0.18829982,Submucosa Connective Tissues,myofibroblast,
025247T1 | 038 | Full ROI,27770.59766,8917.713867,ccyte,0.006683756,Submucosa Connective Tissues,Colonocyte,
025247T1 | 038 | Full ROI,27770.59766,8917.713867,TA,0,Submucosa Connective Tissues,TA,
025247T1 | 038 | Full ROI,27770.59766,8917.713867,BEST2+Gob,0,Submucosa Connective Tissues,BEST2+.Goblet.cell,
025247T1 | 038 | Full ROI,27770.59766,8917.713867,plasma.A,0.001108054,Submucosa Connective Tissues,IgA.plasma.cell,
025247T1 | 038 | Full ROI,27770.59766,8917.713867,macs,0.180339558,Submucosa Connective Tissues,Macrophages,
025247T1 | 038 | Full ROI,27770.59766,8917.713867,Tuft,0.132561999,Submucosa Connective Tissues,Tuft,
025247T1 | 038 | Full ROI,27770.59766,8917.713867,art.EC,0.144208842,Submucosa Connective Tissues,Mature.arterial.EC,
025247T1 | 038 | Full ROI,27770.59766,8917.713867,Glia,0.161668847,Submucosa Connective Tissues,Adult.Glia,
025247T1 | 038 | Full ROI,27770.59766,8917.713867,Mem.B,0,Submucosa Connective Tissues,Memory.B,
025247T1 | 038 | Full ROI,27770.59766,8917.713867,SELL+CD4,0,Submucosa Connective Tissues,SELL+.CD4.T,
025247T1 | 038 | Full ROI,27770.59766,8917.713867,FCRL4+B,0,Submucosa Connective Tissues,FCRL4+.Memory.B,
025247T1 | 038 | Full ROI,27770.59766,8917.713867,FDC,0.003611453,Submucosa Connective Tissues,FDC,
025247T1 | 038 | Full ROI,27770.59766,8917.713867,Imm.B,0,Submucosa Connective Tissues,Immature.B,
025247T1 | 038 | Full ROI,27770.59766,8917.713867,Ven.EC,0,Submucosa Connective Tissues,Mature.venous.EC,
025247T1 | 038 | Full ROI,27770.59766,8917.713867,ICC,0,Submucosa Connective Tissues,ICC,
025247T1 | 038 | Full ROI,27770.59766,8917.713867,T.ret,0.013773217,Submucosa Connective Tissues,T.reticular,
025247T1 | 038 | Full ROI,27770.59766,8917.713867,LYVE1+Mac,0.109594097,Submucosa Connective Tissues,LYVE1+.Macrophage,
025247T1 | 038 | Full ROI,27770.59766,8917.713867,Cycl.B,0,Submucosa Connective Tissues,Cycling.B.cell,
025247T1 | 038 | Full ROI,27770.59766,8917.713867,SELL+CD8,0,Submucosa Connective Tissues,SELL+.CD8.T,
025247T1 | 038 | Full ROI,27770.59766,8917.713867,cDC1,0,Submucosa Connective Tissues,cDC1,
025247T1 | 038 | Full ROI,27770.59766,8917.713867,BEST4+ep,0,Submucosa Connective Tissues,BEST4+.epithelial,
025247T1 | 038 | Full ROI,27770.59766,8917.713867,Paneth,0,Submucosa Connective Tissues,Paneth,
025247T1 | 038 | Full ROI,27770.59766,8917.713867,EECs,0,Submucosa Connective Tissues,EECs,
025247T1 | 039 | Full ROI,14352.32715,27216.32422,myofib,0.115821612,Submucosa Connective Tissues,myofibroblast,
025247T1 | 039 | Full ROI,14352.32715,27216.32422,ccyte,0.010865017,Submucosa Connective Tissues,Colonocyte,
025247T1 | 039 | Full ROI,14352.32715,27216.32422,TA,0,Submucosa Connective Tissues,TA,
025247T1 | 039 | Full ROI,14352.32715,27216.32422,BEST2+Gob,0.003363471,Submucosa Connective Tissues,BEST2+.Goblet.cell,
025247T1 | 039 | Full ROI,14352.32715,27216.32422,plasma.A,0.015106178,Submucosa Connective Tissues,IgA.plasma.cell,
025247T1 | 039 | Full ROI,14352.32715,27216.32422,macs,0.147622598,Submucosa Connective Tissues,Macrophages,
025247T1 | 039 | Full ROI,14352.32715,27216.32422,Tuft,0.06264808,Submucosa Connective Tissues,Tuft,
025247T1 | 039 | Full ROI,14352.32715,27216.32422,art.EC,0.194267021,Submucosa Connective Tissues,Mature.arterial.EC,
025247T1 | 039 | Full ROI,14352.32715,27216.32422,Glia,0.183204846,Submucosa Connective Tissues,Adult.Glia,
025247T1 | 039 | Full ROI,14352.32715,27216.32422,Mem.B,0,Submucosa Connective Tissues,Memory.B,
025247T1 | 039 | Full ROI,14352.32715,27216.32422,SELL+CD4,0,Submucosa Connective Tissues,SELL+.CD4.T,
025247T1 | 039 | Full ROI,14352.32715,27216.32422,FCRL4+B,0,Submucosa Connective Tissues,FCRL4+.Memory.B,
025247T1 | 039 | Full ROI,14352.32715,27216.32422,FDC,0,Submucosa Connective Tissues,FDC,
025247T1 | 039 | Full ROI,14352.32715,27216.32422,Imm.B,0,Submucosa Connective Tissues,Immature.B,
025247T1 | 039 | Full ROI,14352.32715,27216.32422,Ven.EC,0,Submucosa Connective Tissues,Mature.venous.EC,
025247T1 | 039 | Full ROI,14352.32715,27216.32422,ICC,0,Submucosa Connective Tissues,ICC,
025247T1 | 039 | Full ROI,14352.32715,27216.32422,T.ret,0.091159938,Submucosa Connective Tissues,T.reticular,
025247T1 | 039 | Full ROI,14352.32715,27216.32422,LYVE1+Mac,0.085194238,Submucosa Connective Tissues,LYVE1+.Macrophage,
025247T1 | 039 | Full ROI,14352.32715,27216.32422,Cycl.B,0,Submucosa Connective Tissues,Cycling.B.cell,
025247T1 | 039 | Full ROI,14352.32715,27216.32422,SELL+CD8,0,Submucosa Connective Tissues,SELL+.CD8.T,
025247T1 | 039 | Full ROI,14352.32715,27216.32422,cDC1,0,Submucosa Connective Tissues,cDC1,
025247T1 | 039 | Full ROI,14352.32715,27216.32422,BEST4+ep,7.49E-05,Submucosa Connective Tissues,BEST4+.epithelial,
025247T1 | 039 | Full ROI,14352.32715,27216.32422,Paneth,0,Submucosa Connective Tissues,Paneth,
025247T1 | 039 | Full ROI,14352.32715,27216.32422,EECs,0,Submucosa Connective Tissues,EECs,
025247T1 | 034 | Full ROI,15450,12796,myofib,0.394861655,Vessels,myofibroblast,
025247T1 | 034 | Full ROI,15450,12796,ccyte,0,Vessels,Colonocyte,
025247T1 | 034 | Full ROI,15450,12796,TA,0,Vessels,TA,
025247T1 | 034 | Full ROI,15450,12796,BEST2+Gob,0,Vessels,BEST2+.Goblet.cell,
025247T1 | 034 | Full ROI,15450,12796,plasma.A,0,Vessels,IgA.plasma.cell,
025247T1 | 034 | Full ROI,15450,12796,macs,0.118721428,Vessels,Macrophages,
025247T1 | 034 | Full ROI,15450,12796,Tuft,0.025803536,Vessels,Tuft,
025247T1 | 034 | Full ROI,15450,12796,art.EC,0.137470934,Vessels,Mature.arterial.EC,
025247T1 | 034 | Full ROI,15450,12796,Glia,0.065520361,Vessels,Adult.Glia,
025247T1 | 034 | Full ROI,15450,12796,Mem.B,0,Vessels,Memory.B,
025247T1 | 034 | Full ROI,15450,12796,SELL+CD4,0,Vessels,SELL+.CD4.T,
025247T1 | 034 | Full ROI,15450,12796,FCRL4+B,0,Vessels,FCRL4+.Memory.B,
025247T1 | 034 | Full ROI,15450,12796,FDC,0,Vessels,FDC,
025247T1 | 034 | Full ROI,15450,12796,Imm.B,0,Vessels,Immature.B,
025247T1 | 034 | Full ROI,15450,12796,Ven.EC,0.125245937,Vessels,Mature.venous.EC,
025247T1 | 034 | Full ROI,15450,12796,ICC,0,Vessels,ICC,
025247T1 | 034 | Full ROI,15450,12796,T.ret,0.011317256,Vessels,T.reticular,
025247T1 | 034 | Full ROI,15450,12796,LYVE1+Mac,0,Vessels,LYVE1+.Macrophage,
025247T1 | 034 | Full ROI,15450,12796,Cycl.B,0,Vessels,Cycling.B.cell,
025247T1 | 034 | Full ROI,15450,12796,SELL+CD8,0,Vessels,SELL+.CD8.T,
025247T1 | 034 | Full ROI,15450,12796,cDC1,0,Vessels,cDC1,
025247T1 | 034 | Full ROI,15450,12796,BEST4+ep,0,Vessels,BEST4+.epithelial,
025247T1 | 034 | Full ROI,15450,12796,Paneth,0,Vessels,Paneth,
025247T1 | 034 | Full ROI,15450,12796,EECs,0,Vessels,EECs,
025247T1 | 036 | Full ROI,10997,34608,myofib,0.431794602,Vessels,myofibroblast,
025247T1 | 036 | Full ROI,10997,34608,ccyte,0,Vessels,Colonocyte,
025247T1 | 036 | Full ROI,10997,34608,TA,0,Vessels,TA,
025247T1 | 036 | Full ROI,10997,34608,BEST2+Gob,0,Vessels,BEST2+.Goblet.cell,
025247T1 | 036 | Full ROI,10997,34608,plasma.A,0,Vessels,IgA.plasma.cell,
025247T1 | 036 | Full ROI,10997,34608,macs,0.098905816,Vessels,Macrophages,
025247T1 | 036 | Full ROI,10997,34608,Tuft,0.032066726,Vessels,Tuft,
025247T1 | 036 | Full ROI,10997,34608,art.EC,0.184742856,Vessels,Mature.arterial.EC,
025247T1 | 036 | Full ROI,10997,34608,Glia,0.070600933,Vessels,Adult.Glia,
025247T1 | 036 | Full ROI,10997,34608,Mem.B,0,Vessels,Memory.B,
025247T1 | 036 | Full ROI,10997,34608,SELL+CD4,0,Vessels,SELL+.CD4.T,
025247T1 | 036 | Full ROI,10997,34608,FCRL4+B,0,Vessels,FCRL4+.Memory.B,
025247T1 | 036 | Full ROI,10997,34608,FDC,0,Vessels,FDC,
025247T1 | 036 | Full ROI,10997,34608,Imm.B,0,Vessels,Immature.B,
025247T1 | 036 | Full ROI,10997,34608,Ven.EC,0.11045732,Vessels,Mature.venous.EC,
025247T1 | 036 | Full ROI,10997,34608,ICC,0,Vessels,ICC,
025247T1 | 036 | Full ROI,10997,34608,T.ret,0.007072205,Vessels,T.reticular,
025247T1 | 036 | Full ROI,10997,34608,LYVE1+Mac,0,Vessels,LYVE1+.Macrophage,
025247T1 | 036 | Full ROI,10997,34608,Cycl.B,0,Vessels,Cycling.B.cell,
025247T1 | 036 | Full ROI,10997,34608,SELL+CD8,0,Vessels,SELL+.CD8.T,
025247T1 | 036 | Full ROI,10997,34608,cDC1,0,Vessels,cDC1,
025247T1 | 036 | Full ROI,10997,34608,BEST4+ep,0,Vessels,BEST4+.epithelial,
025247T1 | 036 | Full ROI,10997,34608,Paneth,0,Vessels,Paneth,
025247T1 | 036 | Full ROI,10997,34608,EECs,0,Vessels,EECs,
025247T1 | 035 | Full ROI,30636,8062,myofib,0.22968562,Vessels,myofibroblast,
025247T1 | 035 | Full ROI,30636,8062,ccyte,0,Vessels,Colonocyte,
025247T1 | 035 | Full ROI,30636,8062,TA,0,Vessels,TA,
025247T1 | 035 | Full ROI,30636,8062,BEST2+Gob,0,Vessels,BEST2+.Goblet.cell,
025247T1 | 035 | Full ROI,30636,8062,plasma.A,0,Vessels,IgA.plasma.cell,
025247T1 | 035 | Full ROI,30636,8062,macs,0.119119774,Vessels,Macrophages,
025247T1 | 035 | Full ROI,30636,8062,Tuft,0.135989007,Vessels,Tuft,
025247T1 | 035 | Full ROI,30636,8062,art.EC,0.19952644,Vessels,Mature.arterial.EC,
025247T1 | 035 | Full ROI,30636,8062,Glia,0.110263976,Vessels,Adult.Glia,
025247T1 | 035 | Full ROI,30636,8062,Mem.B,0,Vessels,Memory.B,
025247T1 | 035 | Full ROI,30636,8062,SELL+CD4,0,Vessels,SELL+.CD4.T,
025247T1 | 035 | Full ROI,30636,8062,FCRL4+B,0,Vessels,FCRL4+.Memory.B,
025247T1 | 035 | Full ROI,30636,8062,FDC,0,Vessels,FDC,
025247T1 | 035 | Full ROI,30636,8062,Imm.B,0,Vessels,Immature.B,
025247T1 | 035 | Full ROI,30636,8062,Ven.EC,0.071177555,Vessels,Mature.venous.EC,
025247T1 | 035 | Full ROI,30636,8062,ICC,0,Vessels,ICC,
025247T1 | 035 | Full ROI,30636,8062,T.ret,0.015615421,Vessels,T.reticular,
025247T1 | 035 | Full ROI,30636,8062,LYVE1+Mac,0.013047112,Vessels,LYVE1+.Macrophage,
025247T1 | 035 | Full ROI,30636,8062,Cycl.B,0,Vessels,Cycling.B.cell,
025247T1 | 035 | Full ROI,30636,8062,SELL+CD8,0,Vessels,SELL+.CD8.T,
025247T1 | 035 | Full ROI,30636,8062,cDC1,0,Vessels,cDC1,
025247T1 | 035 | Full ROI,30636,8062,BEST4+ep,0.001903795,Vessels,BEST4+.epithelial,
025247T1 | 035 | Full ROI,30636,8062,Paneth,0,Vessels,Paneth,
025247T1 | 035 | Full ROI,30636,8062,EECs,0,Vessels,EECs,
025247T1 | 037 | Full ROI,16131.39453,14057.03027,myofib,0.370628591,Submucosa Connective Tissues,myofibroblast,
025247T1 | 037 | Full ROI,16131.39453,14057.03027,ccyte,0,Submucosa Connective Tissues,Colonocyte,
025247T1 | 037 | Full ROI,16131.39453,14057.03027,TA,0,Submucosa Connective Tissues,TA,
025247T1 | 037 | Full ROI,16131.39453,14057.03027,BEST2+Gob,0,Submucosa Connective Tissues,BEST2+.Goblet.cell,
025247T1 | 037 | Full ROI,16131.39453,14057.03027,plasma.A,0,Submucosa Connective Tissues,IgA.plasma.cell,
025247T1 | 037 | Full ROI,16131.39453,14057.03027,macs,0.130120025,Submucosa Connective Tissues,Macrophages,
025247T1 | 037 | Full ROI,16131.39453,14057.03027,Tuft,0.062602645,Submucosa Connective Tissues,Tuft,
025247T1 | 037 | Full ROI,16131.39453,14057.03027,art.EC,0.183544823,Submucosa Connective Tissues,Mature.arterial.EC,
025247T1 | 037 | Full ROI,16131.39453,14057.03027,Glia,0.203721096,Submucosa Connective Tissues,Adult.Glia,
025247T1 | 037 | Full ROI,16131.39453,14057.03027,Mem.B,0,Submucosa Connective Tissues,Memory.B,
025247T1 | 037 | Full ROI,16131.39453,14057.03027,SELL+CD4,0,Submucosa Connective Tissues,SELL+.CD4.T,
025247T1 | 037 | Full ROI,16131.39453,14057.03027,FCRL4+B,0,Submucosa Connective Tissues,FCRL4+.Memory.B,
025247T1 | 037 | Full ROI,16131.39453,14057.03027,FDC,0,Submucosa Connective Tissues,FDC,
025247T1 | 037 | Full ROI,16131.39453,14057.03027,Imm.B,0,Submucosa Connective Tissues,Immature.B,
025247T1 | 037 | Full ROI,16131.39453,14057.03027,Ven.EC,0,Submucosa Connective Tissues,Mature.venous.EC,
025247T1 | 037 | Full ROI,16131.39453,14057.03027,ICC,0,Submucosa Connective Tissues,ICC,
025247T1 | 037 | Full ROI,16131.39453,14057.03027,T.ret,0.014380605,Submucosa Connective Tissues,T.reticular,
025247T1 | 037 | Full ROI,16131.39453,14057.03027,LYVE1+Mac,0.033972977,Submucosa Connective Tissues,LYVE1+.Macrophage,
025247T1 | 037 | Full ROI,16131.39453,14057.03027,Cycl.B,0,Submucosa Connective Tissues,Cycling.B.cell,
025247T1 | 037 | Full ROI,16131.39453,14057.03027,SELL+CD8,0,Submucosa Connective Tissues,SELL+.CD8.T,
025247T1 | 037 | Full ROI,16131.39453,14057.03027,cDC1,0,Submucosa Connective Tissues,cDC1,
025247T1 | 037 | Full ROI,16131.39453,14057.03027,BEST4+ep,0.000423856,Submucosa Connective Tissues,BEST4+.epithelial,
025247T1 | 037 | Full ROI,16131.39453,14057.03027,Paneth,0,Submucosa Connective Tissues,Paneth,
025247T1 | 037 | Full ROI,16131.39453,14057.03027,EECs,0,Submucosa Connective Tissues,EECs,
025247T1 | 031 | segment1,15365,41449,myofib,0,Enteroendocrine cells,myofibroblast,DNA
025247T1 | 031 | segment1,15365,41449,ccyte,0,Enteroendocrine cells,Colonocyte,DNA
025247T1 | 031 | segment1,15365,41449,TA,0.350069456,Enteroendocrine cells,TA,DNA
025247T1 | 031 | segment1,15365,41449,BEST2+Gob,0,Enteroendocrine cells,BEST2+.Goblet.cell,DNA
025247T1 | 031 | segment1,15365,41449,plasma.A,0.124869924,Enteroendocrine cells,IgA.plasma.cell,DNA
025247T1 | 031 | segment1,15365,41449,macs,0,Enteroendocrine cells,Macrophages,DNA
025247T1 | 031 | segment1,15365,41449,Tuft,0,Enteroendocrine cells,Tuft,DNA
025247T1 | 031 | segment1,15365,41449,art.EC,0,Enteroendocrine cells,Mature.arterial.EC,DNA
025247T1 | 031 | segment1,15365,41449,Glia,0,Enteroendocrine cells,Adult.Glia,DNA
025247T1 | 031 | segment1,15365,41449,Mem.B,0,Enteroendocrine cells,Memory.B,DNA
025247T1 | 031 | segment1,15365,41449,SELL+CD4,0,Enteroendocrine cells,SELL+.CD4.T,DNA
025247T1 | 031 | segment1,15365,41449,FCRL4+B,0,Enteroendocrine cells,FCRL4+.Memory.B,DNA
025247T1 | 031 | segment1,15365,41449,FDC,0,Enteroendocrine cells,FDC,DNA
025247T1 | 031 | segment1,15365,41449,Imm.B,0,Enteroendocrine cells,Immature.B,DNA
025247T1 | 031 | segment1,15365,41449,Ven.EC,0,Enteroendocrine cells,Mature.venous.EC,DNA
025247T1 | 031 | segment1,15365,41449,ICC,0,Enteroendocrine cells,ICC,DNA
025247T1 | 031 | segment1,15365,41449,T.ret,0,Enteroendocrine cells,T.reticular,DNA
025247T1 | 031 | segment1,15365,41449,LYVE1+Mac,0,Enteroendocrine cells,LYVE1+.Macrophage,DNA
025247T1 | 031 | segment1,15365,41449,Cycl.B,0.130967888,Enteroendocrine cells,Cycling.B.cell,DNA
025247T1 | 031 | segment1,15365,41449,SELL+CD8,0.188633934,Enteroendocrine cells,SELL+.CD8.T,DNA
025247T1 | 031 | segment1,15365,41449,cDC1,0,Enteroendocrine cells,cDC1,DNA
025247T1 | 031 | segment1,15365,41449,BEST4+ep,0,Enteroendocrine cells,BEST4+.epithelial,DNA
025247T1 | 031 | segment1,15365,41449,Paneth,0,Enteroendocrine cells,Paneth,DNA
025247T1 | 031 | segment1,15365,41449,EECs,0,Enteroendocrine cells,EECs,DNA
025247T1 | 006 | PanCK-,33507.43359,35182.27344,myofib,0.076369063,Lamina propria,myofibroblast,
025247T1 | 006 | PanCK-,33507.43359,35182.27344,ccyte,0.050245992,Lamina propria,Colonocyte,
025247T1 | 006 | PanCK-,33507.43359,35182.27344,TA,0,Lamina propria,TA,
025247T1 | 006 | PanCK-,33507.43359,35182.27344,BEST2+Gob,0.009698864,Lamina propria,BEST2+.Goblet.cell,
025247T1 | 006 | PanCK-,33507.43359,35182.27344,plasma.A,0.363893395,Lamina propria,IgA.plasma.cell,
025247T1 | 006 | PanCK-,33507.43359,35182.27344,macs,0.187020663,Lamina propria,Macrophages,
025247T1 | 006 | PanCK-,33507.43359,35182.27344,Tuft,0.042295635,Lamina propria,Tuft,
025247T1 | 006 | PanCK-,33507.43359,35182.27344,art.EC,0.007650578,Lamina propria,Mature.arterial.EC,
025247T1 | 006 | PanCK-,33507.43359,35182.27344,Glia,0.01935824,Lamina propria,Adult.Glia,
025247T1 | 006 | PanCK-,33507.43359,35182.27344,Mem.B,0,Lamina propria,Memory.B,
025247T1 | 006 | PanCK-,33507.43359,35182.27344,SELL+CD4,0,Lamina propria,SELL+.CD4.T,
025247T1 | 006 | PanCK-,33507.43359,35182.27344,FCRL4+B,0,Lamina propria,FCRL4+.Memory.B,
025247T1 | 006 | PanCK-,33507.43359,35182.27344,FDC,0,Lamina propria,FDC,
025247T1 | 006 | PanCK-,33507.43359,35182.27344,Imm.B,0,Lamina propria,Immature.B,
025247T1 | 006 | PanCK-,33507.43359,35182.27344,Ven.EC,0.009242755,Lamina propria,Mature.venous.EC,
025247T1 | 006 | PanCK-,33507.43359,35182.27344,ICC,0.004570403,Lamina propria,ICC,
025247T1 | 006 | PanCK-,33507.43359,35182.27344,T.ret,0,Lamina propria,T.reticular,
025247T1 | 006 | PanCK-,33507.43359,35182.27344,LYVE1+Mac,0.009166883,Lamina propria,LYVE1+.Macrophage,
025247T1 | 006 | PanCK-,33507.43359,35182.27344,Cycl.B,0,Lamina propria,Cycling.B.cell,
025247T1 | 006 | PanCK-,33507.43359,35182.27344,SELL+CD8,0.008293114,Lamina propria,SELL+.CD8.T,
025247T1 | 006 | PanCK-,33507.43359,35182.27344,cDC1,0,Lamina propria,cDC1,
025247T1 | 006 | PanCK-,33507.43359,35182.27344,BEST4+ep,0.003223797,Lamina propria,BEST4+.epithelial,
025247T1 | 006 | PanCK-,33507.43359,35182.27344,Paneth,0,Lamina propria,Paneth,
025247T1 | 006 | PanCK-,33507.43359,35182.27344,EECs,0.004504296,Lamina propria,EECs,
025247T1 | 004 | PanCK-,27143.29297,28611.77539,myofib,0.078008398,Lamina propria,myofibroblast,
025247T1 | 004 | PanCK-,27143.29297,28611.77539,ccyte,0.042049708,Lamina propria,Colonocyte,
025247T1 | 004 | PanCK-,27143.29297,28611.77539,TA,0,Lamina propria,TA,
025247T1 | 004 | PanCK-,27143.29297,28611.77539,BEST2+Gob,0.014428743,Lamina propria,BEST2+.Goblet.cell,
025247T1 | 004 | PanCK-,27143.29297,28611.77539,plasma.A,0.365873276,Lamina propria,IgA.plasma.cell,
025247T1 | 004 | PanCK-,27143.29297,28611.77539,macs,0.12573368,Lamina propria,Macrophages,
025247T1 | 004 | PanCK-,27143.29297,28611.77539,Tuft,0.073737942,Lamina propria,Tuft,
025247T1 | 004 | PanCK-,27143.29297,28611.77539,art.EC,0.012826412,Lamina propria,Mature.arterial.EC,
025247T1 | 004 | PanCK-,27143.29297,28611.77539,Glia,0.032011373,Lamina propria,Adult.Glia,
025247T1 | 004 | PanCK-,27143.29297,28611.77539,Mem.B,0,Lamina propria,Memory.B,
025247T1 | 004 | PanCK-,27143.29297,28611.77539,SELL+CD4,0,Lamina propria,SELL+.CD4.T,
025247T1 | 004 | PanCK-,27143.29297,28611.77539,FCRL4+B,0,Lamina propria,FCRL4+.Memory.B,
025247T1 | 004 | PanCK-,27143.29297,28611.77539,FDC,0.001365165,Lamina propria,FDC,
025247T1 | 004 | PanCK-,27143.29297,28611.77539,Imm.B,0,Lamina propria,Immature.B,
025247T1 | 004 | PanCK-,27143.29297,28611.77539,Ven.EC,0.016701558,Lamina propria,Mature.venous.EC,
025247T1 | 004 | PanCK-,27143.29297,28611.77539,ICC,0.007534498,Lamina propria,ICC,
025247T1 | 004 | PanCK-,27143.29297,28611.77539,T.ret,0.002161382,Lamina propria,T.reticular,
025247T1 | 004 | PanCK-,27143.29297,28611.77539,LYVE1+Mac,0.017567043,Lamina propria,LYVE1+.Macrophage,
025247T1 | 004 | PanCK-,27143.29297,28611.77539,Cycl.B,0,Lamina propria,Cycling.B.cell,
025247T1 | 004 | PanCK-,27143.29297,28611.77539,SELL+CD8,0,Lamina propria,SELL+.CD8.T,
025247T1 | 004 | PanCK-,27143.29297,28611.77539,cDC1,0,Lamina propria,cDC1,
025247T1 | 004 | PanCK-,27143.29297,28611.77539,BEST4+ep,0.000358292,Lamina propria,BEST4+.epithelial,
025247T1 | 004 | PanCK-,27143.29297,28611.77539,Paneth,0,Lamina propria,Paneth,
025247T1 | 004 | PanCK-,27143.29297,28611.77539,EECs,0.012819042,Lamina propria,EECs,
025247T1 | 005 | PanCK-,27013.88281,31268.40039,myofib,0.07633261,Lamina propria,myofibroblast,
025247T1 | 005 | PanCK-,27013.88281,31268.40039,ccyte,0.021073391,Lamina propria,Colonocyte,
025247T1 | 005 | PanCK-,27013.88281,31268.40039,TA,0,Lamina propria,TA,
025247T1 | 005 | PanCK-,27013.88281,31268.40039,BEST2+Gob,0.019227512,Lamina propria,BEST2+.Goblet.cell,
025247T1 | 005 | PanCK-,27013.88281,31268.40039,plasma.A,0.367298404,Lamina propria,IgA.plasma.cell,
025247T1 | 005 | PanCK-,27013.88281,31268.40039,macs,0.142654935,Lamina propria,Macrophages,
025247T1 | 005 | PanCK-,27013.88281,31268.40039,Tuft,0.046462958,Lamina propria,Tuft,
025247T1 | 005 | PanCK-,27013.88281,31268.40039,art.EC,0.005600683,Lamina propria,Mature.arterial.EC,
025247T1 | 005 | PanCK-,27013.88281,31268.40039,Glia,0.020350982,Lamina propria,Adult.Glia,
025247T1 | 005 | PanCK-,27013.88281,31268.40039,Mem.B,0,Lamina propria,Memory.B,
025247T1 | 005 | PanCK-,27013.88281,31268.40039,SELL+CD4,0,Lamina propria,SELL+.CD4.T,
025247T1 | 005 | PanCK-,27013.88281,31268.40039,FCRL4+B,0,Lamina propria,FCRL4+.Memory.B,
025247T1 | 005 | PanCK-,27013.88281,31268.40039,FDC,0.000400362,Lamina propria,FDC,
025247T1 | 005 | PanCK-,27013.88281,31268.40039,Imm.B,0,Lamina propria,Immature.B,
025247T1 | 005 | PanCK-,27013.88281,31268.40039,Ven.EC,0.018744069,Lamina propria,Mature.venous.EC,
025247T1 | 005 | PanCK-,27013.88281,31268.40039,ICC,0.001818797,Lamina propria,ICC,
025247T1 | 005 | PanCK-,27013.88281,31268.40039,T.ret,0,Lamina propria,T.reticular,
025247T1 | 005 | PanCK-,27013.88281,31268.40039,LYVE1+Mac,0.022479767,Lamina propria,LYVE1+.Macrophage,
025247T1 | 005 | PanCK-,27013.88281,31268.40039,Cycl.B,0,Lamina propria,Cycling.B.cell,
025247T1 | 005 | PanCK-,27013.88281,31268.40039,SELL+CD8,0.008469062,Lamina propria,SELL+.CD8.T,
025247T1 | 005 | PanCK-,27013.88281,31268.40039,cDC1,0,Lamina propria,cDC1,
025247T1 | 005 | PanCK-,27013.88281,31268.40039,BEST4+ep,0,Lamina propria,BEST4+.epithelial,
025247T1 | 005 | PanCK-,27013.88281,31268.40039,Paneth,0,Lamina propria,Paneth,
025247T1 | 005 | PanCK-,27013.88281,31268.40039,EECs,0.010982738,Lamina propria,EECs,
025247T1 | 002 | PanCK-,30314.45898,1106.504639,myofib,0.073361988,Lamina propria,myofibroblast,
025247T1 | 002 | PanCK-,30314.45898,1106.504639,ccyte,0.063013489,Lamina propria,Colonocyte,
025247T1 | 002 | PanCK-,30314.45898,1106.504639,TA,0,Lamina propria,TA,
025247T1 | 002 | PanCK-,30314.45898,1106.504639,BEST2+Gob,0.00898437,Lamina propria,BEST2+.Goblet.cell,
025247T1 | 002 | PanCK-,30314.45898,1106.504639,plasma.A,0.298612195,Lamina propria,IgA.plasma.cell,
025247T1 | 002 | PanCK-,30314.45898,1106.504639,macs,0.161752369,Lamina propria,Macrophages,
025247T1 | 002 | PanCK-,30314.45898,1106.504639,Tuft,0.057559423,Lamina propria,Tuft,
025247T1 | 002 | PanCK-,30314.45898,1106.504639,art.EC,0.008729475,Lamina propria,Mature.arterial.EC,
025247T1 | 002 | PanCK-,30314.45898,1106.504639,Glia,0.016054462,Lamina propria,Adult.Glia,
025247T1 | 002 | PanCK-,30314.45898,1106.504639,Mem.B,0,Lamina propria,Memory.B,
025247T1 | 002 | PanCK-,30314.45898,1106.504639,SELL+CD4,0,Lamina propria,SELL+.CD4.T,
025247T1 | 002 | PanCK-,30314.45898,1106.504639,FCRL4+B,0,Lamina propria,FCRL4+.Memory.B,
025247T1 | 002 | PanCK-,30314.45898,1106.504639,FDC,0.002085634,Lamina propria,FDC,
025247T1 | 002 | PanCK-,30314.45898,1106.504639,Imm.B,0,Lamina propria,Immature.B,
025247T1 | 002 | PanCK-,30314.45898,1106.504639,Ven.EC,0.009908129,Lamina propria,Mature.venous.EC,
025247T1 | 002 | PanCK-,30314.45898,1106.504639,ICC,0.000179581,Lamina propria,ICC,
025247T1 | 002 | PanCK-,30314.45898,1106.504639,T.ret,0,Lamina propria,T.reticular,
025247T1 | 002 | PanCK-,30314.45898,1106.504639,LYVE1+Mac,0.009765231,Lamina propria,LYVE1+.Macrophage,
025247T1 | 002 | PanCK-,30314.45898,1106.504639,Cycl.B,0,Lamina propria,Cycling.B.cell,
025247T1 | 002 | PanCK-,30314.45898,1106.504639,SELL+CD8,0,Lamina propria,SELL+.CD8.T,
025247T1 | 002 | PanCK-,30314.45898,1106.504639,cDC1,0.001477778,Lamina propria,cDC1,
025247T1 | 002 | PanCK-,30314.45898,1106.504639,BEST4+ep,0,Lamina propria,BEST4+.epithelial,
025247T1 | 002 | PanCK-,30314.45898,1106.504639,Paneth,0,Lamina propria,Paneth,
025247T1 | 002 | PanCK-,30314.45898,1106.504639,EECs,0.000937193,Lamina propria,EECs,
025247T1 | 001 | PanCK-,22326.54297,8357.572266,myofib,0.08881435,Lamina propria,myofibroblast,
025247T1 | 001 | PanCK-,22326.54297,8357.572266,ccyte,0.063191604,Lamina propria,Colonocyte,
025247T1 | 001 | PanCK-,22326.54297,8357.572266,TA,0,Lamina propria,TA,
025247T1 | 001 | PanCK-,22326.54297,8357.572266,BEST2+Gob,0.010512233,Lamina propria,BEST2+.Goblet.cell,
025247T1 | 001 | PanCK-,22326.54297,8357.572266,plasma.A,0.309998745,Lamina propria,IgA.plasma.cell,
025247T1 | 001 | PanCK-,22326.54297,8357.572266,macs,0.225524653,Lamina propria,Macrophages,
025247T1 | 001 | PanCK-,22326.54297,8357.572266,Tuft,0.03500265,Lamina propria,Tuft,
025247T1 | 001 | PanCK-,22326.54297,8357.572266,art.EC,0.007905463,Lamina propria,Mature.arterial.EC,
025247T1 | 001 | PanCK-,22326.54297,8357.572266,Glia,0.015471368,Lamina propria,Adult.Glia,
025247T1 | 001 | PanCK-,22326.54297,8357.572266,Mem.B,0,Lamina propria,Memory.B,
025247T1 | 001 | PanCK-,22326.54297,8357.572266,SELL+CD4,0,Lamina propria,SELL+.CD4.T,
025247T1 | 001 | PanCK-,22326.54297,8357.572266,FCRL4+B,0,Lamina propria,FCRL4+.Memory.B,
025247T1 | 001 | PanCK-,22326.54297,8357.572266,FDC,0,Lamina propria,FDC,
025247T1 | 001 | PanCK-,22326.54297,8357.572266,Imm.B,0,Lamina propria,Immature.B,
025247T1 | 001 | PanCK-,22326.54297,8357.572266,Ven.EC,0.012806058,Lamina propria,Mature.venous.EC,
025247T1 | 001 | PanCK-,22326.54297,8357.572266,ICC,0.007909832,Lamina propria,ICC,
025247T1 | 001 | PanCK-,22326.54297,8357.572266,T.ret,0,Lamina propria,T.reticular,
025247T1 | 001 | PanCK-,22326.54297,8357.572266,LYVE1+Mac,0.007987001,Lamina propria,LYVE1+.Macrophage,
025247T1 | 001 | PanCK-,22326.54297,8357.572266,Cycl.B,0,Lamina propria,Cycling.B.cell,
025247T1 | 001 | PanCK-,22326.54297,8357.572266,SELL+CD8,0,Lamina propria,SELL+.CD8.T,
025247T1 | 001 | PanCK-,22326.54297,8357.572266,cDC1,0,Lamina propria,cDC1,
025247T1 | 001 | PanCK-,22326.54297,8357.572266,BEST4+ep,0.001118152,Lamina propria,BEST4+.epithelial,
025247T1 | 001 | PanCK-,22326.54297,8357.572266,Paneth,0,Lamina propria,Paneth,
025247T1 | 001 | PanCK-,22326.54297,8357.572266,EECs,0.001384044,Lamina propria,EECs,
025247T1 | 003 | PanCK-,15926.55859,30108.26563,myofib,0.077864622,Lamina propria,myofibroblast,
025247T1 | 003 | PanCK-,15926.55859,30108.26563,ccyte,0.061528841,Lamina propria,Colonocyte,
025247T1 | 003 | PanCK-,15926.55859,30108.26563,TA,0,Lamina propria,TA,
025247T1 | 003 | PanCK-,15926.55859,30108.26563,BEST2+Gob,0.005916005,Lamina propria,BEST2+.Goblet.cell,
025247T1 | 003 | PanCK-,15926.55859,30108.26563,plasma.A,0.278117109,Lamina propria,IgA.plasma.cell,
025247T1 | 003 | PanCK-,15926.55859,30108.26563,macs,0.232990004,Lamina propria,Macrophages,
025247T1 | 003 | PanCK-,15926.55859,30108.26563,Tuft,0.057550994,Lamina propria,Tuft,
025247T1 | 003 | PanCK-,15926.55859,30108.26563,art.EC,0.010051829,Lamina propria,Mature.arterial.EC,
025247T1 | 003 | PanCK-,15926.55859,30108.26563,Glia,0.018546133,Lamina propria,Adult.Glia,
025247T1 | 003 | PanCK-,15926.55859,30108.26563,Mem.B,0,Lamina propria,Memory.B,
025247T1 | 003 | PanCK-,15926.55859,30108.26563,SELL+CD4,0,Lamina propria,SELL+.CD4.T,
025247T1 | 003 | PanCK-,15926.55859,30108.26563,FCRL4+B,0,Lamina propria,FCRL4+.Memory.B,
025247T1 | 003 | PanCK-,15926.55859,30108.26563,FDC,0.000175634,Lamina propria,FDC,
025247T1 | 003 | PanCK-,15926.55859,30108.26563,Imm.B,0,Lamina propria,Immature.B,
025247T1 | 003 | PanCK-,15926.55859,30108.26563,Ven.EC,0.025141723,Lamina propria,Mature.venous.EC,
025247T1 | 003 | PanCK-,15926.55859,30108.26563,ICC,0.003621089,Lamina propria,ICC,
025247T1 | 003 | PanCK-,15926.55859,30108.26563,T.ret,0,Lamina propria,T.reticular,
025247T1 | 003 | PanCK-,15926.55859,30108.26563,LYVE1+Mac,0.007321897,Lamina propria,LYVE1+.Macrophage,
025247T1 | 003 | PanCK-,15926.55859,30108.26563,Cycl.B,0,Lamina propria,Cycling.B.cell,
025247T1 | 003 | PanCK-,15926.55859,30108.26563,SELL+CD8,0,Lamina propria,SELL+.CD8.T,
025247T1 | 003 | PanCK-,15926.55859,30108.26563,cDC1,0,Lamina propria,cDC1,
025247T1 | 003 | PanCK-,15926.55859,30108.26563,BEST4+ep,0.001268416,Lamina propria,BEST4+.epithelial,
025247T1 | 003 | PanCK-,15926.55859,30108.26563,Paneth,0,Lamina propria,Paneth,
025247T1 | 003 | PanCK-,15926.55859,30108.26563,EECs,0.003090758,Lamina propria,EECs,
025247T1 | 009 | Full ROI,20262.37109,34432.62109,myofib,0.009486528,Colonic Patch,myofibroblast,
025247T1 | 009 | Full ROI,20262.37109,34432.62109,ccyte,0,Colonic Patch,Colonocyte,
025247T1 | 009 | Full ROI,20262.37109,34432.62109,TA,0,Colonic Patch,TA,
025247T1 | 009 | Full ROI,20262.37109,34432.62109,BEST2+Gob,0,Colonic Patch,BEST2+.Goblet.cell,
025247T1 | 009 | Full ROI,20262.37109,34432.62109,plasma.A,0.04362012,Colonic Patch,IgA.plasma.cell,
025247T1 | 009 | Full ROI,20262.37109,34432.62109,macs,0.066226301,Colonic Patch,Macrophages,
025247T1 | 009 | Full ROI,20262.37109,34432.62109,Tuft,0.062752646,Colonic Patch,Tuft,
025247T1 | 009 | Full ROI,20262.37109,34432.62109,art.EC,0.003714509,Colonic Patch,Mature.arterial.EC,
025247T1 | 009 | Full ROI,20262.37109,34432.62109,Glia,0.006466679,Colonic Patch,Adult.Glia,
025247T1 | 009 | Full ROI,20262.37109,34432.62109,Mem.B,0.143078867,Colonic Patch,Memory.B,
025247T1 | 009 | Full ROI,20262.37109,34432.62109,SELL+CD4,0.126250001,Colonic Patch,SELL+.CD4.T,
025247T1 | 009 | Full ROI,20262.37109,34432.62109,FCRL4+B,0.101833069,Colonic Patch,FCRL4+.Memory.B,
025247T1 | 009 | Full ROI,20262.37109,34432.62109,FDC,0.058864713,Colonic Patch,FDC,
025247T1 | 009 | Full ROI,20262.37109,34432.62109,Imm.B,0.076278563,Colonic Patch,Immature.B,
025247T1 | 009 | Full ROI,20262.37109,34432.62109,Ven.EC,0.016830148,Colonic Patch,Mature.venous.EC,
025247T1 | 009 | Full ROI,20262.37109,34432.62109,ICC,0,Colonic Patch,ICC,
025247T1 | 009 | Full ROI,20262.37109,34432.62109,T.ret,0,Colonic Patch,T.reticular,
025247T1 | 009 | Full ROI,20262.37109,34432.62109,LYVE1+Mac,0,Colonic Patch,LYVE1+.Macrophage,
025247T1 | 009 | Full ROI,20262.37109,34432.62109,Cycl.B,0,Colonic Patch,Cycling.B.cell,
025247T1 | 009 | Full ROI,20262.37109,34432.62109,SELL+CD8,0,Colonic Patch,SELL+.CD8.T,
025247T1 | 009 | Full ROI,20262.37109,34432.62109,cDC1,0,Colonic Patch,cDC1,
025247T1 | 009 | Full ROI,20262.37109,34432.62109,BEST4+ep,0,Colonic Patch,BEST4+.epithelial,
025247T1 | 009 | Full ROI,20262.37109,34432.62109,Paneth,0,Colonic Patch,Paneth,
025247T1 | 009 | Full ROI,20262.37109,34432.62109,EECs,0.03006742,Colonic Patch,EECs,
025247T1 | 011 | Full ROI,8602.692383,36490.0625,myofib,0.011580789,Colonic Patch,myofibroblast,
025247T1 | 011 | Full ROI,8602.692383,36490.0625,ccyte,0,Colonic Patch,Colonocyte,
025247T1 | 011 | Full ROI,8602.692383,36490.0625,TA,0,Colonic Patch,TA,
025247T1 | 011 | Full ROI,8602.692383,36490.0625,BEST2+Gob,0.000251181,Colonic Patch,BEST2+.Goblet.cell,
025247T1 | 011 | Full ROI,8602.692383,36490.0625,plasma.A,0.039184493,Colonic Patch,IgA.plasma.cell,
025247T1 | 011 | Full ROI,8602.692383,36490.0625,macs,0.058726827,Colonic Patch,Macrophages,
025247T1 | 011 | Full ROI,8602.692383,36490.0625,Tuft,0.078092201,Colonic Patch,Tuft,
025247T1 | 011 | Full ROI,8602.692383,36490.0625,art.EC,0.007584907,Colonic Patch,Mature.arterial.EC,
025247T1 | 011 | Full ROI,8602.692383,36490.0625,Glia,0.007388381,Colonic Patch,Adult.Glia,
025247T1 | 011 | Full ROI,8602.692383,36490.0625,Mem.B,0.216565291,Colonic Patch,Memory.B,
025247T1 | 011 | Full ROI,8602.692383,36490.0625,SELL+CD4,0.142165905,Colonic Patch,SELL+.CD4.T,
025247T1 | 011 | Full ROI,8602.692383,36490.0625,FCRL4+B,0.088019248,Colonic Patch,FCRL4+.Memory.B,
025247T1 | 011 | Full ROI,8602.692383,36490.0625,FDC,0.055207605,Colonic Patch,FDC,
025247T1 | 011 | Full ROI,8602.692383,36490.0625,Imm.B,0.045863993,Colonic Patch,Immature.B,
025247T1 | 011 | Full ROI,8602.692383,36490.0625,Ven.EC,0.015164944,Colonic Patch,Mature.venous.EC,
025247T1 | 011 | Full ROI,8602.692383,36490.0625,ICC,0,Colonic Patch,ICC,
025247T1 | 011 | Full ROI,8602.692383,36490.0625,T.ret,0,Colonic Patch,T.reticular,
025247T1 | 011 | Full ROI,8602.692383,36490.0625,LYVE1+Mac,0,Colonic Patch,LYVE1+.Macrophage,
025247T1 | 011 | Full ROI,8602.692383,36490.0625,Cycl.B,0,Colonic Patch,Cycling.B.cell,
025247T1 | 011 | Full ROI,8602.692383,36490.0625,SELL+CD8,0,Colonic Patch,SELL+.CD8.T,
025247T1 | 011 | Full ROI,8602.692383,36490.0625,cDC1,0,Colonic Patch,cDC1,
025247T1 | 011 | Full ROI,8602.692383,36490.0625,BEST4+ep,0.000133882,Colonic Patch,BEST4+.epithelial,
025247T1 | 011 | Full ROI,8602.692383,36490.0625,Paneth,0,Colonic Patch,Paneth,
025247T1 | 011 | Full ROI,8602.692383,36490.0625,EECs,0.030218381,Colonic Patch,EECs,
025247T1 | 007 | Full ROI,18075.50586,26125.8457,myofib,0.004647425,Colonic Patch,myofibroblast,
025247T1 | 007 | Full ROI,18075.50586,26125.8457,ccyte,0,Colonic Patch,Colonocyte,
025247T1 | 007 | Full ROI,18075.50586,26125.8457,TA,0,Colonic Patch,TA,
025247T1 | 007 | Full ROI,18075.50586,26125.8457,BEST2+Gob,0,Colonic Patch,BEST2+.Goblet.cell,
025247T1 | 007 | Full ROI,18075.50586,26125.8457,plasma.A,0.03563644,Colonic Patch,IgA.plasma.cell,
025247T1 | 007 | Full ROI,18075.50586,26125.8457,macs,0.030985101,Colonic Patch,Macrophages,
025247T1 | 007 | Full ROI,18075.50586,26125.8457,Tuft,0.054417538,Colonic Patch,Tuft,
025247T1 | 007 | Full ROI,18075.50586,26125.8457,art.EC,0.006533846,Colonic Patch,Mature.arterial.EC,
025247T1 | 007 | Full ROI,18075.50586,26125.8457,Glia,0.003781988,Colonic Patch,Adult.Glia,
025247T1 | 007 | Full ROI,18075.50586,26125.8457,Mem.B,0.273909151,Colonic Patch,Memory.B,
025247T1 | 007 | Full ROI,18075.50586,26125.8457,SELL+CD4,0.10601893,Colonic Patch,SELL+.CD4.T,
025247T1 | 007 | Full ROI,18075.50586,26125.8457,FCRL4+B,0.055459957,Colonic Patch,FCRL4+.Memory.B,
025247T1 | 007 | Full ROI,18075.50586,26125.8457,FDC,0.080245838,Colonic Patch,FDC,
025247T1 | 007 | Full ROI,18075.50586,26125.8457,Imm.B,0.109131337,Colonic Patch,Immature.B,
025247T1 | 007 | Full ROI,18075.50586,26125.8457,Ven.EC,0.007943736,Colonic Patch,Mature.venous.EC,
025247T1 | 007 | Full ROI,18075.50586,26125.8457,ICC,0,Colonic Patch,ICC,
025247T1 | 007 | Full ROI,18075.50586,26125.8457,T.ret,0,Colonic Patch,T.reticular,
025247T1 | 007 | Full ROI,18075.50586,26125.8457,LYVE1+Mac,0,Colonic Patch,LYVE1+.Macrophage,
025247T1 | 007 | Full ROI,18075.50586,26125.8457,Cycl.B,0,Colonic Patch,Cycling.B.cell,
025247T1 | 007 | Full ROI,18075.50586,26125.8457,SELL+CD8,0,Colonic Patch,SELL+.CD8.T,
025247T1 | 007 | Full ROI,18075.50586,26125.8457,cDC1,0,Colonic Patch,cDC1,
025247T1 | 007 | Full ROI,18075.50586,26125.8457,BEST4+ep,0,Colonic Patch,BEST4+.epithelial,
025247T1 | 007 | Full ROI,18075.50586,26125.8457,Paneth,0,Colonic Patch,Paneth,
025247T1 | 007 | Full ROI,18075.50586,26125.8457,EECs,0.020420236,Colonic Patch,EECs,
025247T1 | 008 | Full ROI,22472.42773,29411.0332,myofib,0.010630857,Colonic Patch,myofibroblast,
025247T1 | 008 | Full ROI,22472.42773,29411.0332,ccyte,0,Colonic Patch,Colonocyte,
025247T1 | 008 | Full ROI,22472.42773,29411.0332,TA,0,Colonic Patch,TA,
025247T1 | 008 | Full ROI,22472.42773,29411.0332,BEST2+Gob,0,Colonic Patch,BEST2+.Goblet.cell,
025247T1 | 008 | Full ROI,22472.42773,29411.0332,plasma.A,0.005078155,Colonic Patch,IgA.plasma.cell,
025247T1 | 008 | Full ROI,22472.42773,29411.0332,macs,0.071775587,Colonic Patch,Macrophages,
025247T1 | 008 | Full ROI,22472.42773,29411.0332,Tuft,0.084837129,Colonic Patch,Tuft,
025247T1 | 008 | Full ROI,22472.42773,29411.0332,art.EC,0.00919667,Colonic Patch,Mature.arterial.EC,
025247T1 | 008 | Full ROI,22472.42773,29411.0332,Glia,0.011720119,Colonic Patch,Adult.Glia,
025247T1 | 008 | Full ROI,22472.42773,29411.0332,Mem.B,0.301287941,Colonic Patch,Memory.B,
025247T1 | 008 | Full ROI,22472.42773,29411.0332,SELL+CD4,0.103578717,Colonic Patch,SELL+.CD4.T,
025247T1 | 008 | Full ROI,22472.42773,29411.0332,FCRL4+B,0.029010858,Colonic Patch,FCRL4+.Memory.B,
025247T1 | 008 | Full ROI,22472.42773,29411.0332,FDC,0.049390717,Colonic Patch,FDC,
025247T1 | 008 | Full ROI,22472.42773,29411.0332,Imm.B,0.014967512,Colonic Patch,Immature.B,
025247T1 | 008 | Full ROI,22472.42773,29411.0332,Ven.EC,0.018835218,Colonic Patch,Mature.venous.EC,
025247T1 | 008 | Full ROI,22472.42773,29411.0332,ICC,0,Colonic Patch,ICC,
025247T1 | 008 | Full ROI,22472.42773,29411.0332,T.ret,0.007861238,Colonic Patch,T.reticular,
025247T1 | 008 | Full ROI,22472.42773,29411.0332,LYVE1+Mac,0,Colonic Patch,LYVE1+.Macrophage,
025247T1 | 008 | Full ROI,22472.42773,29411.0332,Cycl.B,0,Colonic Patch,Cycling.B.cell,
025247T1 | 008 | Full ROI,22472.42773,29411.0332,SELL+CD8,0,Colonic Patch,SELL+.CD8.T,
025247T1 | 008 | Full ROI,22472.42773,29411.0332,cDC1,0,Colonic Patch,cDC1,
025247T1 | 008 | Full ROI,22472.42773,29411.0332,BEST4+ep,5.72E-05,Colonic Patch,BEST4+.epithelial,
025247T1 | 008 | Full ROI,22472.42773,29411.0332,Paneth,0.000123089,Colonic Patch,Paneth,
025247T1 | 008 | Full ROI,22472.42773,29411.0332,EECs,0.041056733,Colonic Patch,EECs,
025247T1 | 010 | Full ROI,18919,12395,myofib,0.009935053,Colonic Patch,myofibroblast,
025247T1 | 010 | Full ROI,18919,12395,ccyte,0.0007624,Colonic Patch,Colonocyte,
025247T1 | 010 | Full ROI,18919,12395,TA,0,Colonic Patch,TA,
025247T1 | 010 | Full ROI,18919,12395,BEST2+Gob,0.002003046,Colonic Patch,BEST2+.Goblet.cell,
025247T1 | 010 | Full ROI,18919,12395,plasma.A,0.028353406,Colonic Patch,IgA.plasma.cell,
025247T1 | 010 | Full ROI,18919,12395,macs,0.065966831,Colonic Patch,Macrophages,
025247T1 | 010 | Full ROI,18919,12395,Tuft,0.080025843,Colonic Patch,Tuft,
025247T1 | 010 | Full ROI,18919,12395,art.EC,0.00849323,Colonic Patch,Mature.arterial.EC,
025247T1 | 010 | Full ROI,18919,12395,Glia,0.013141479,Colonic Patch,Adult.Glia,
025247T1 | 010 | Full ROI,18919,12395,Mem.B,0.019064014,Colonic Patch,Memory.B,
025247T1 | 010 | Full ROI,18919,12395,SELL+CD4,0.172177053,Colonic Patch,SELL+.CD4.T,
025247T1 | 010 | Full ROI,18919,12395,FCRL4+B,0.075431366,Colonic Patch,FCRL4+.Memory.B,
025247T1 | 010 | Full ROI,18919,12395,FDC,0.046077321,Colonic Patch,FDC,
025247T1 | 010 | Full ROI,18919,12395,Imm.B,0.013011099,Colonic Patch,Immature.B,
025247T1 | 010 | Full ROI,18919,12395,Ven.EC,0.026377219,Colonic Patch,Mature.venous.EC,
025247T1 | 010 | Full ROI,18919,12395,ICC,0,Colonic Patch,ICC,
025247T1 | 010 | Full ROI,18919,12395,T.ret,0.004039617,Colonic Patch,T.reticular,
025247T1 | 010 | Full ROI,18919,12395,LYVE1+Mac,0,Colonic Patch,LYVE1+.Macrophage,
025247T1 | 010 | Full ROI,18919,12395,Cycl.B,0,Colonic Patch,Cycling.B.cell,
025247T1 | 010 | Full ROI,18919,12395,SELL+CD8,0,Colonic Patch,SELL+.CD8.T,
025247T1 | 010 | Full ROI,18919,12395,cDC1,0.011284932,Colonic Patch,cDC1,
025247T1 | 010 | Full ROI,18919,12395,BEST4+ep,0.000155001,Colonic Patch,BEST4+.epithelial,
025247T1 | 010 | Full ROI,18919,12395,Paneth,0.000433377,Colonic Patch,Paneth,
025247T1 | 010 | Full ROI,18919,12395,EECs,0.034354995,Colonic Patch,EECs,
025247T1 | 012 | Full ROI,18042.45703,30500.38867,myofib,0.005233254,Colonic Patch,myofibroblast,
025247T1 | 012 | Full ROI,18042.45703,30500.38867,ccyte,0,Colonic Patch,Colonocyte,
025247T1 | 012 | Full ROI,18042.45703,30500.38867,TA,0,Colonic Patch,TA,
025247T1 | 012 | Full ROI,18042.45703,30500.38867,BEST2+Gob,1.78E-05,Colonic Patch,BEST2+.Goblet.cell,
025247T1 | 012 | Full ROI,18042.45703,30500.38867,plasma.A,0.054344418,Colonic Patch,IgA.plasma.cell,
025247T1 | 012 | Full ROI,18042.45703,30500.38867,macs,0.034250514,Colonic Patch,Macrophages,
025247T1 | 012 | Full ROI,18042.45703,30500.38867,Tuft,0.063484427,Colonic Patch,Tuft,
025247T1 | 012 | Full ROI,18042.45703,30500.38867,art.EC,0.00458061,Colonic Patch,Mature.arterial.EC,
025247T1 | 012 | Full ROI,18042.45703,30500.38867,Glia,0.002877648,Colonic Patch,Adult.Glia,
025247T1 | 012 | Full ROI,18042.45703,30500.38867,Mem.B,0.081522029,Colonic Patch,Memory.B,
025247T1 | 012 | Full ROI,18042.45703,30500.38867,SELL+CD4,0.070898397,Colonic Patch,SELL+.CD4.T,
025247T1 | 012 | Full ROI,18042.45703,30500.38867,FCRL4+B,0.068019253,Colonic Patch,FCRL4+.Memory.B,
025247T1 | 012 | Full ROI,18042.45703,30500.38867,FDC,0.112884294,Colonic Patch,FDC,
025247T1 | 012 | Full ROI,18042.45703,30500.38867,Imm.B,0.141417915,Colonic Patch,Immature.B,
025247T1 | 012 | Full ROI,18042.45703,30500.38867,Ven.EC,0.00919755,Colonic Patch,Mature.venous.EC,
025247T1 | 012 | Full ROI,18042.45703,30500.38867,ICC,0,Colonic Patch,ICC,
025247T1 | 012 | Full ROI,18042.45703,30500.38867,T.ret,0,Colonic Patch,T.reticular,
025247T1 | 012 | Full ROI,18042.45703,30500.38867,LYVE1+Mac,0,Colonic Patch,LYVE1+.Macrophage,
025247T1 | 012 | Full ROI,18042.45703,30500.38867,Cycl.B,0.047211895,Colonic Patch,Cycling.B.cell,
025247T1 | 012 | Full ROI,18042.45703,30500.38867,SELL+CD8,0,Colonic Patch,SELL+.CD8.T,
025247T1 | 012 | Full ROI,18042.45703,30500.38867,cDC1,0,Colonic Patch,cDC1,
025247T1 | 012 | Full ROI,18042.45703,30500.38867,BEST4+ep,0,Colonic Patch,BEST4+.epithelial,
025247T1 | 012 | Full ROI,18042.45703,30500.38867,Paneth,0,Colonic Patch,Paneth,
025247T1 | 012 | Full ROI,18042.45703,30500.38867,EECs,0.025902295,Colonic Patch,EECs,
